fir_id,case_id,fir_date,incident_date,incident_type,description,location_id,location,jurisdiction,victim_id,complainant_id,primary_person_id,investigator_id,status,severity
FIR-000001,CR-2026-2004,2026-01-10 22:06:25,2026-01-09 10:06:25,CROSS_BORDER_TRADE,Fictional cross border trade incident tied to Synthetic Cyber Fraud probe 04.,L-000076,"Bus Stand, Cuddalore",FIN-CRIME-CELL,P-001991,P-000323,P-001559,INV-0040,UNDER_REVIEW,LOW
FIR-000002,CR-2026-2019,2026-06-24 19:53:38,2026-06-24 09:53:38,FRAUDULENT_TRANSFER,Fictional fraudulent transfer incident tied to Synthetic Financial Fraud probe 19.,L-000181,"Highway Junction, Chennai",CEN-CRIME-UNIT-03,P-000984,P-001636,P-001073,INV-0018,UNDER_REVIEW,HIGH
FIR-000003,CR-2026-2016,2026-05-24 04:40:30,2026-05-23 17:40:30,ASSAULT,Fictional assault incident tied to Synthetic Phone Fraud probe 16.,L-000048,"Auto Nagar, Nagercoil",NARC-BUREAU-01,P-000964,P-000197,P-000010,INV-0154,UNDER_REVIEW,HIGH
FIR-000004,CR-2026-2010,2026-06-24 22:15:39,2026-06-23 10:15:39,RECOVERY_NOTICE,Fictional recovery notice incident tied to Synthetic Vehicle Theft probe 10.,L-000012,"Bus Stand, Madurai",SOUTH-POL-SEC,P-001546,P-000191,P-000034,INV-0028,OPEN,HIGH
FIR-000005,CR-2026-2013,2026-05-17 15:59:12,2026-05-15 23:59:12,THEFT,Fictional theft incident tied to Synthetic Narcotics probe 13.,L-000054,"Warehouse Zone, Cuddalore",NORTH-POL-SEC,P-001271,P-000077,P-000891,INV-0114,OPEN,MEDIUM
FIR-000006,CR-2026-2017,2026-06-05 17:27:19,2026-06-04 14:27:19,SMUGGLING,Fictional smuggling incident tied to Synthetic Logistics Crime probe 17.,L-000072,"Warehouse Zone, Erode",CYBER-CELL-01,P-001322,P-001635,P-001322,INV-0050,CLOSED,HIGH
FIR-000007,CR-2026-2001,2026-02-02 02:42:32,2026-02-01 05:42:32,SMUGGLING,Fictional smuggling incident tied to Synthetic Cyber Fraud probe 01.,L-000193,"Grain Market, Tirunelveli",NARC-BUREAU-01,P-001447,P-001884,P-000023,INV-0119,CLOSED,HIGH
FIR-000008,CR-2026-2009,2026-05-15 13:12:37,2026-05-13 07:12:37,FRAUDULENT_TRANSFER,Fictional fraudulent transfer incident tied to Synthetic Gold Smuggling probe 09.,L-000114,"Ring Road, Thanjavur",NORTH-POL-SEC,P-001588,P-001195,P-000344,INV-0102,OPEN,MEDIUM
FIR-000009,CR-2026-2016,2026-04-10 02:01:45,2026-04-09 18:01:45,RECOVERY_NOTICE,Fictional recovery notice incident tied to Synthetic Phone Fraud probe 16.,L-000167,"Old Town, Dindigul",CEN-CRIME-UNIT-01,P-001126,P-000830,P-000830,INV-0096,CLOSED,CRITICAL
FIR-000010,CR-2026-2014,2026-07-14 18:46:45,2026-07-11 18:46:45,RECOVERY_NOTICE,Fictional recovery notice incident tied to Synthetic Logistics Crime probe 14.,L-000140,"IT Park, Karur",NORTH-POL-SEC,P-001072,P-001298,P-000697,INV-0018,OPEN,CRITICAL
FIR-000011,CR-2026-2011,2026-08-29 15:06:05,2026-08-28 21:06:05,FRAUDULENT_TRANSFER,Fictional fraudulent transfer incident tied to Synthetic Narcotics probe 11.,L-000129,"Warehouse Zone, Nagercoil",EAST-INV-DIV,P-001050,P-001759,P-001380,INV-0083,OPEN,HIGH
FIR-000012,CR-2026-2009,2026-02-19 08:36:37,2026-02-18 05:36:37,ASSAULT,Fictional assault incident tied to Synthetic Gold Smuggling probe 09.,L-000179,"SIPCOT, Tiruchirappalli",CYBER-CELL-01,P-000355,P-001229,P-000711,INV-0040,OPEN,LOW
FIR-000013,CR-2026-2020,2026-05-26 10:22:43,2026-05-23 17:22:43,CROSS_BORDER_TRADE,Fictional cross border trade incident tied to Synthetic Human Trafficking probe 20.,L-000120,"SIPCOT, Nagapattinam",NARC-BUREAU-01,P-000600,P-000886,P-000535,INV-0135,OPEN,CRITICAL
FIR-000014,CR-2026-2002,2026-08-15 07:05:05,2026-08-13 06:05:05,THEFT,Fictional theft incident tied to Synthetic Phone Fraud probe 02.,L-000020,"Residential Colony, Karur",CYBER-CELL-01,P-001324,P-000352,P-001479,INV-0076,OPEN,HIGH
FIR-000015,CR-2026-2017,2026-02-03 05:31:42,2026-01-31 22:31:42,EXTORTION,Fictional extortion incident tied to Synthetic Logistics Crime probe 17.,L-000058,"Bus Stand, Krishnagiri",SOUTH-POL-SEC,P-000889,P-000697,P-000435,INV-0137,OPEN,MEDIUM
FIR-000016,CR-2026-2015,2026-05-21 16:40:58,2026-05-20 21:40:58,EXTORTION,Fictional extortion incident tied to Synthetic Cyber Fraud probe 15.,L-000102,"Industrial Estate, Hosur",EAST-INV-DIV,P-001887,P-001166,P-001887,INV-0045,UNDER_REVIEW,HIGH
FIR-000017,CR-2026-2011,2026-08-31 01:10:42,2026-08-29 07:10:42,EXTORTION,Fictional extortion incident tied to Synthetic Narcotics probe 11.,L-000023,"Bus Stand, Kanniyakumari",CYBER-CELL-01,P-000870,P-001759,P-001293,INV-0153,CLOSED,HIGH
FIR-000018,CR-2026-2014,2026-04-25 20:25:11,2026-04-24 19:25:11,ASSAULT,Fictional assault incident tied to Synthetic Logistics Crime probe 14.,L-000018,"Bus Stand, Madurai",FIN-CRIME-CELL,P-001072,P-001146,P-000551,INV-0134,CLOSED,MEDIUM
FIR-000019,CR-2026-2014,2026-01-05 22:13:30,2026-01-05 18:13:30,FINANCIAL_FRAUD,Fictional financial fraud incident tied to Synthetic Logistics Crime probe 14.,L-000132,"Market Road, Karur",NORTH-POL-SEC,P-001072,P-001706,P-001851,INV-0145,CLOSED,CRITICAL
FIR-000020,CR-2026-2001,2026-04-14 07:53:16,2026-04-12 18:53:16,FINANCIAL_FRAUD,Fictional financial fraud incident tied to Synthetic Cyber Fraud probe 01.,L-000051,"Port Area, Nagapattinam",CYBER-CELL-01,P-001884,P-001997,P-001447,INV-0086,OPEN,MEDIUM
FIR-000021,CR-2026-2002,2026-07-13 09:55:17,2026-07-12 03:55:17,THEFT,Fictional theft incident tied to Synthetic Phone Fraud probe 02.,L-000129,"Warehouse Zone, Nagercoil",CYBER-CELL-01,P-000481,P-001936,P-000471,INV-0155,CLOSED,HIGH
FIR-000022,CR-2026-2003,2026-07-21 14:59:11,2026-07-19 13:59:11,FRAUDULENT_TRANSFER,Fictional fraudulent transfer incident tied to Synthetic Gold Smuggling probe 03.,L-000160,"Industrial Estate, Thoothukudi",CEN-CRIME-UNIT-01,P-001115,P-000595,P-000205,INV-0136,OPEN,MEDIUM
FIR-000023,CR-2026-2003,2026-04-28 02:27:59,2026-04-25 04:27:59,EXTORTION,Fictional extortion incident tied to Synthetic Gold Smuggling probe 03.,L-000091,"Industrial Estate, Nagapattinam",NORTH-POL-SEC,P-001329,P-000205,P-000595,INV-0021,OPEN,MEDIUM
FIR-000024,CR-2026-2008,2026-04-12 05:53:33,2026-04-10 12:53:33,SMUGGLING,Fictional smuggling incident tied to Synthetic Financial Fraud probe 08.,L-000105,"Bypass, Tirunelveli",CEN-CRIME-UNIT-01,P-000652,P-000786,P-000372,INV-0159,OPEN,HIGH
FIR-000025,CR-2026-2013,2026-03-18 08:55:02,2026-03-15 11:55:02,CROSS_BORDER_TRADE,Fictional cross border trade incident tied to Synthetic Narcotics probe 13.,L-000099,"SIPCOT, Madurai",CEN-CRIME-UNIT-03,P-001254,P-001490,P-001254,INV-0040,OPEN,CRITICAL
FIR-000026,CR-2026-2014,2026-08-27 10:43:51,2026-08-27 05:43:51,SMUGGLING,Fictional smuggling incident tied to Synthetic Logistics Crime probe 14.,L-000167,"Old Town, Dindigul",CEN-CRIME-UNIT-03,P-001298,P-000712,P-001183,INV-0140,OPEN,CRITICAL
FIR-000027,CR-2026-2007,2026-06-26 05:10:02,2026-06-25 23:10:02,ASSAULT,Fictional assault incident tied to Synthetic Cyber Fraud probe 07.,L-000184,"Market Road, Madurai",EAST-INV-DIV,P-001042,P-000115,P-001689,INV-0114,OPEN,MEDIUM
FIR-000028,CR-2026-2001,2026-07-17 21:11:38,2026-07-16 14:11:38,FRAUDULENT_TRANSFER,Fictional fraudulent transfer incident tied to Synthetic Cyber Fraud probe 01.,L-000015,"SIPCOT, Kanniyakumari",CEN-CRIME-UNIT-03,P-000248,P-001884,P-000981,INV-0069,OPEN,MEDIUM
FIR-000029,CR-2026-2012,2026-07-27 09:29:06,2026-07-26 16:29:06,FINANCIAL_FRAUD,Fictional financial fraud incident tied to Synthetic Illegal Trade probe 12.,L-000131,"Warehouse Zone, Kanniyakumari",FIN-CRIME-CELL,P-001239,P-001382,P-001060,INV-0045,OPEN,MEDIUM
FIR-000030,CR-2026-2014,2026-04-28 22:33:06,2026-04-26 17:33:06,SMUGGLING,Fictional smuggling incident tied to Synthetic Logistics Crime probe 14.,L-000032,"Residential Colony, Nagapattinam",WEST-INV-DIV,P-001555,P-000704,P-000043,INV-0151,OPEN,MEDIUM
FIR-000031,CR-2026-2003,2026-05-01 21:47:15,2026-04-29 22:47:15,CROSS_BORDER_TRADE,Fictional cross border trade incident tied to Synthetic Gold Smuggling probe 03.,L-000165,"Ring Road, Krishnagiri",FIN-CRIME-CELL,P-000635,P-001115,P-001620,INV-0157,CLOSED,HIGH
FIR-000032,CR-2026-2017,2026-07-25 05:07:32,2026-07-24 06:07:32,FINANCIAL_FRAUD,Fictional financial fraud incident tied to Synthetic Logistics Crime probe 17.,L-000152,"Warehouse Zone, Coimbatore",WEST-INV-DIV,P-000584,P-001251,P-000562,INV-0060,OPEN,HIGH
FIR-000033,CR-2026-2007,2026-06-21 22:02:13,2026-06-21 09:02:13,CROSS_BORDER_TRADE,Fictional cross border trade incident tied to Synthetic Cyber Fraud probe 07.,L-000090,"Warehouse Zone, Salem",NARC-BUREAU-01,P-001042,P-000115,P-001402,INV-0040,CLOSED,MEDIUM
FIR-000034,CR-2026-2007,2026-03-28 17:04:55,2026-03-25 20:04:55,FRAUDULENT_TRANSFER,Fictional fraudulent transfer incident tied to Synthetic Cyber Fraud probe 07.,L-000012,"Bus Stand, Madurai",EAST-INV-DIV,P-001298,P-001367,P-000192,INV-0112,OPEN,MEDIUM
FIR-000035,CR-2026-2020,2026-08-22 06:24:18,2026-08-19 11:24:18,FINANCIAL_FRAUD,Fictional financial fraud incident tied to Synthetic Human Trafficking probe 20.,L-000054,"Warehouse Zone, Cuddalore",NORTH-POL-SEC,P-000157,P-000600,P-001357,INV-0026,OPEN,HIGH
FIR-000036,CR-2026-2006,2026-07-10 12:13:22,2026-07-07 14:13:22,CROSS_BORDER_TRADE,Fictional cross border trade incident tied to Synthetic Logistics Crime probe 06.,L-000054,"Warehouse Zone, Cuddalore",EAST-INV-DIV,P-000584,P-000562,P-001055,INV-0109,UNDER_REVIEW,CRITICAL
FIR-000037,CR-2026-2007,2026-04-01 18:16:57,2026-03-31 02:16:57,CROSS_BORDER_TRADE,Fictional cross border trade incident tied to Synthetic Cyber Fraud probe 07.,L-000021,"Old Town, Coimbatore",NARC-BUREAU-01,P-001042,P-001718,P-000666,INV-0055,OPEN,MEDIUM
FIR-000038,CR-2026-2014,2026-05-29 19:09:21,2026-05-28 04:09:21,FINANCIAL_FRAUD,Fictional financial fraud incident tied to Synthetic Logistics Crime probe 14.,L-000072,"Warehouse Zone, Erode",SOUTH-POL-SEC,P-001766,P-001146,P-000712,INV-0115,OPEN,HIGH
FIR-000039,CR-2026-2003,2026-07-15 03:47:47,2026-07-13 11:47:47,SMUGGLING,Fictional smuggling incident tied to Synthetic Gold Smuggling probe 03.,L-000021,"Old Town, Coimbatore",EAST-INV-DIV,P-001329,P-000205,P-001826,INV-0005,CLOSED,LOW
FIR-000040,CR-2026-2013,2026-02-27 13:05:39,2026-02-26 10:05:39,THEFT,Fictional theft incident tied to Synthetic Narcotics probe 13.,L-000021,"Old Town, Coimbatore",WEST-INV-DIV,P-001933,P-001254,P-000360,INV-0096,CLOSED,HIGH
FIR-000041,CR-2026-2002,2026-03-24 12:49:49,2026-03-23 11:49:49,ASSAULT,Fictional assault incident tied to Synthetic Phone Fraud probe 02.,L-000082,"Highway Junction, Nagercoil",FIN-CRIME-CELL,P-001658,P-000641,P-001479,INV-0052,UNDER_REVIEW,MEDIUM
FIR-000042,CR-2026-2013,2026-05-16 18:21:01,2026-05-16 06:21:01,FRAUDULENT_TRANSFER,Fictional fraudulent transfer incident tied to Synthetic Narcotics probe 13.,L-000188,"Railway Station, Chennai",NORTH-POL-SEC,P-000894,P-001254,P-000362,INV-0075,OPEN,CRITICAL
FIR-000043,CR-2026-2015,2026-07-24 07:20:10,2026-07-21 12:20:10,EXTORTION,Fictional extortion incident tied to Synthetic Cyber Fraud probe 15.,L-000095,"Port Area, Nagercoil",CYBER-CELL-01,P-001773,P-001653,P-001967,INV-0086,OPEN,MEDIUM
FIR-000044,CR-2026-2005,2026-08-25 16:35:24,2026-08-24 17:35:24,FRAUDULENT_TRANSFER,Fictional fraudulent transfer incident tied to Synthetic Financial Fraud probe 05.,L-000015,"SIPCOT, Kanniyakumari",SOUTH-POL-SEC,P-000843,P-001231,P-001437,INV-0039,OPEN,MEDIUM
FIR-000045,CR-2026-2014,2026-01-16 13:40:47,2026-01-15 08:40:47,FRAUDULENT_TRANSFER,Fictional fraudulent transfer incident tied to Synthetic Logistics Crime probe 14.,L-000052,"Bus Stand, Erode",FIN-CRIME-CELL,P-000043,P-000419,P-001298,INV-0022,CLOSED,CRITICAL
FIR-000046,CR-2026-2001,2026-04-17 10:09:44,2026-04-14 21:09:44,EXTORTION,Fictional extortion incident tied to Synthetic Cyber Fraud probe 01.,L-000054,"Warehouse Zone, Cuddalore",CYBER-CELL-01,P-000981,P-001997,P-000370,INV-0049,CLOSED,HIGH
FIR-000047,CR-2026-2005,2026-02-17 04:57:14,2026-02-16 09:57:14,ASSAULT,Fictional assault incident tied to Synthetic Financial Fraud probe 05.,L-000009,"Highway Junction, Krishnagiri",SOUTH-POL-SEC,P-000900,P-001921,P-001437,INV-0149,UNDER_REVIEW,MEDIUM
FIR-000048,CR-2026-2003,2026-05-18 10:31:20,2026-05-16 05:31:20,SMUGGLING,Fictional smuggling incident tied to Synthetic Gold Smuggling probe 03.,L-000090,"Warehouse Zone, Salem",SOUTH-POL-SEC,P-001329,P-000595,P-001115,INV-0007,CLOSED,CRITICAL
FIR-000049,CR-2026-2020,2026-07-12 22:15:32,2026-07-11 20:15:32,THEFT,Fictional theft incident tied to Synthetic Human Trafficking probe 20.,L-000153,"University Road, Krishnagiri",CYBER-CELL-01,P-001817,P-001007,P-001337,INV-0150,CLOSED,CRITICAL
FIR-000050,CR-2026-2009,2026-08-11 12:14:31,2026-08-09 04:14:31,THEFT,Fictional theft incident tied to Synthetic Gold Smuggling probe 09.,L-000009,"Highway Junction, Krishnagiri",CEN-CRIME-UNIT-02,P-001195,P-000360,P-000358,INV-0063,CLOSED,MEDIUM
FIR-000051,CR-2026-2014,2026-06-17 09:41:49,2026-06-16 13:41:49,RECOVERY_NOTICE,Fictional recovery notice incident tied to Synthetic Logistics Crime probe 14.,L-000091,"Industrial Estate, Nagapattinam",CEN-CRIME-UNIT-02,P-001273,P-001072,P-001072,INV-0152,OPEN,HIGH
FIR-000052,CR-2026-2018,2026-02-23 10:45:55,2026-02-20 15:45:55,CROSS_BORDER_TRADE,Fictional cross border trade incident tied to Synthetic Human Trafficking probe 18.,L-000173,"Technology Park, Madurai",FIN-CRIME-CELL,P-001752,P-001197,P-001436,INV-0021,OPEN,MEDIUM
FIR-000053,CR-2026-2009,2026-09-01 00:41:27,2026-08-29 04:41:27,RECOVERY_NOTICE,Fictional recovery notice incident tied to Synthetic Gold Smuggling probe 09.,L-000121,"Residential Colony, Nagercoil",FIN-CRIME-CELL,P-000868,P-001360,P-000360,INV-0152,CLOSED,MEDIUM
FIR-000054,CR-2026-2017,2026-08-26 20:16:29,2026-08-24 12:16:29,CROSS_BORDER_TRADE,Fictional cross border trade incident tied to Synthetic Logistics Crime probe 17.,L-000088,"Bus Stand, Hosur",FIN-CRIME-CELL,P-000773,P-001042,P-000881,INV-0044,CLOSED,MEDIUM
FIR-000055,CR-2026-2007,2026-08-09 08:27:15,2026-08-07 20:27:15,ASSAULT,Fictional assault incident tied to Synthetic Cyber Fraud probe 07.,L-000020,"Residential Colony, Karur",CEN-CRIME-UNIT-02,P-000666,P-001863,P-001847,INV-0101,CLOSED,LOW
FIR-000056,CR-2026-2007,2026-03-05 00:34:05,2026-03-02 00:34:05,THEFT,Fictional theft incident tied to Synthetic Cyber Fraud probe 07.,L-000093,"Residential Colony, Krishnagiri",FIN-CRIME-CELL,P-001042,P-001684,P-001762,INV-0127,OPEN,MEDIUM
FIR-000057,CR-2026-2014,2026-06-05 16:58:50,2026-06-02 17:58:50,RECOVERY_NOTICE,Fictional recovery notice incident tied to Synthetic Logistics Crime probe 14.,L-000160,"Industrial Estate, Thoothukudi",NORTH-POL-SEC,P-001682,P-000676,P-000335,INV-0012,CLOSED,HIGH
FIR-000058,CR-2026-2018,2026-04-09 15:26:41,2026-04-09 02:26:41,CROSS_BORDER_TRADE,Fictional cross border trade incident tied to Synthetic Human Trafficking probe 18.,L-000082,"Highway Junction, Nagercoil",CEN-CRIME-UNIT-01,P-001316,P-000046,P-001748,INV-0079,UNDER_REVIEW,HIGH
FIR-000059,CR-2026-2018,2026-02-22 12:21:09,2026-02-20 08:21:09,SMUGGLING,Fictional smuggling incident tied to Synthetic Human Trafficking probe 18.,L-000105,"Bypass, Tirunelveli",CYBER-CELL-01,P-000046,P-001734,P-000837,INV-0027,CLOSED,CRITICAL
FIR-000060,CR-2026-2016,2026-05-09 16:37:13,2026-05-07 03:37:13,SMUGGLING,Fictional smuggling incident tied to Synthetic Phone Fraud probe 16.,L-000012,"Bus Stand, Madurai",EAST-INV-DIV,P-001126,P-001644,P-001644,INV-0107,CLOSED,HIGH
FIR-000061,CR-2026-2001,2026-01-05 23:41:37,2026-01-04 09:41:37,RECOVERY_NOTICE,Fictional recovery notice incident tied to Synthetic Cyber Fraud probe 01.,L-000137,"Technology Park, Nagapattinam",WEST-INV-DIV,P-000023,P-000248,P-000602,INV-0039,OPEN,CRITICAL
FIR-000062,CR-2026-2001,2026-02-25 14:40:38,2026-02-24 19:40:38,RECOVERY_NOTICE,Fictional recovery notice incident tied to Synthetic Cyber Fraud probe 01.,L-000144,"Technology Park, Nagapattinam",CYBER-CELL-01,P-000370,P-001346,P-001997,INV-0041,CLOSED,HIGH
FIR-000063,CR-2026-2010,2026-05-22 15:43:41,2026-05-22 06:43:41,ASSAULT,Fictional assault incident tied to Synthetic Vehicle Theft probe 10.,L-000070,"Warehouse Zone, Thanjavur",CEN-CRIME-UNIT-01,P-001281,P-001603,P-000473,INV-0109,CLOSED,MEDIUM
FIR-000064,CR-2026-2009,2026-07-09 12:35:10,2026-07-08 14:35:10,FRAUDULENT_TRANSFER,Fictional fraudulent transfer incident tied to Synthetic Gold Smuggling probe 09.,L-000016,"University Road, Karur",SOUTH-POL-SEC,P-001101,P-000887,P-001960,INV-0150,OPEN,MEDIUM
FIR-000065,CR-2026-2002,2026-06-03 11:29:56,2026-06-03 02:29:56,FRAUDULENT_TRANSFER,Fictional fraudulent transfer incident tied to Synthetic Phone Fraud probe 02.,L-000124,"Technology Park, Nagapattinam",CEN-CRIME-UNIT-02,P-000379,P-000352,P-001076,INV-0139,CLOSED,CRITICAL
FIR-000066,CR-2026-2003,2026-05-11 03:14:15,2026-05-10 22:14:15,FRAUDULENT_TRANSFER,Fictional fraudulent transfer incident tied to Synthetic Gold Smuggling probe 03.,L-000072,"Warehouse Zone, Erode",CEN-CRIME-UNIT-02,P-000205,P-001826,P-000635,INV-0107,OPEN,HIGH
FIR-000067,CR-2026-2007,2026-07-16 15:20:43,2026-07-15 09:20:43,CROSS_BORDER_TRADE,Fictional cross border trade incident tied to Synthetic Cyber Fraud probe 07.,L-000015,"SIPCOT, Kanniyakumari",WEST-INV-DIV,P-001684,P-001689,P-000192,INV-0011,OPEN,MEDIUM
FIR-000068,CR-2026-2001,2026-03-10 11:36:36,2026-03-09 18:36:36,FINANCIAL_FRAUD,Fictional financial fraud incident tied to Synthetic Cyber Fraud probe 01.,L-000099,"SIPCOT, Madurai",SOUTH-POL-SEC,P-000370,P-000602,P-000023,INV-0040,OPEN,MEDIUM
FIR-000069,CR-2026-2018,2026-05-15 21:59:39,2026-05-15 00:59:39,CROSS_BORDER_TRADE,Fictional cross border trade incident tied to Synthetic Human Trafficking probe 18.,L-000015,"SIPCOT, Kanniyakumari",FIN-CRIME-CELL,P-000046,P-000166,P-001769,INV-0082,OPEN,MEDIUM
FIR-000070,CR-2026-2009,2026-05-31 23:36:21,2026-05-31 16:36:21,ASSAULT,Fictional assault incident tied to Synthetic Gold Smuggling probe 09.,L-000121,"Residential Colony, Nagercoil",CYBER-CELL-01,P-001195,P-000496,P-001299,INV-0054,OPEN,CRITICAL
FIR-000071,CR-2026-2010,2026-06-04 02:13:10,2026-06-03 04:13:10,THEFT,Fictional theft incident tied to Synthetic Vehicle Theft probe 10.,L-000172,"Warehouse Zone, Chennai",FIN-CRIME-CELL,P-001273,P-001110,P-001281,INV-0088,OPEN,MEDIUM
FIR-000072,CR-2026-2001,2026-01-21 08:38:25,2026-01-21 03:38:25,CROSS_BORDER_TRADE,Fictional cross border trade incident tied to Synthetic Cyber Fraud probe 01.,L-000079,"Warehouse Zone, Salem",CYBER-CELL-01,P-001448,P-000464,P-001346,INV-0096,UNDER_REVIEW,MEDIUM
FIR-000073,CR-2026-2009,2026-01-11 16:18:12,2026-01-11 07:18:12,RECOVERY_NOTICE,Fictional recovery notice incident tied to Synthetic Gold Smuggling probe 09.,L-000045,"Industrial Estate, Cuddalore",NORTH-POL-SEC,P-001101,P-000984,P-001960,INV-0128,UNDER_REVIEW,CRITICAL
FIR-000074,CR-2026-2008,2026-08-02 10:21:03,2026-07-30 17:21:03,RECOVERY_NOTICE,Fictional recovery notice incident tied to Synthetic Financial Fraud probe 08.,L-000197,"IT Park, Tirunelveli",EAST-INV-DIV,P-000786,P-000655,P-000652,INV-0122,UNDER_REVIEW,CRITICAL
FIR-000075,CR-2026-2006,2026-07-20 18:27:28,2026-07-19 19:27:28,ASSAULT,Fictional assault incident tied to Synthetic Logistics Crime probe 06.,L-000171,"Warehouse Zone, Coimbatore",CEN-CRIME-UNIT-02,P-001702,P-001838,P-000395,INV-0001,CLOSED,MEDIUM
FIR-000076,CR-2026-2016,2026-06-28 22:40:15,2026-06-27 06:40:15,FINANCIAL_FRAUD,Fictional financial fraud incident tied to Synthetic Phone Fraud probe 16.,L-000054,"Warehouse Zone, Cuddalore",NARC-BUREAU-01,P-001072,P-000938,P-001766,INV-0011,CLOSED,HIGH
FIR-000077,CR-2026-2012,2026-01-11 06:25:43,2026-01-10 19:25:43,RECOVERY_NOTICE,Fictional recovery notice incident tied to Synthetic Illegal Trade probe 12.,L-000033,"Old Town, Erode",FIN-CRIME-CELL,P-000760,P-000528,P-001951,INV-0140,OPEN,HIGH
FIR-000078,CR-2026-2015,2026-05-05 20:48:18,2026-05-03 09:48:18,CROSS_BORDER_TRADE,Fictional cross border trade incident tied to Synthetic Cyber Fraud probe 15.,L-000015,"SIPCOT, Kanniyakumari",CEN-CRIME-UNIT-01,P-001653,P-001853,P-001294,INV-0056,CLOSED,HIGH
FIR-000079,CR-2026-2012,2026-01-20 13:23:04,2026-01-18 07:23:04,EXTORTION,Fictional extortion incident tied to Synthetic Illegal Trade probe 12.,L-000094,"IT Park, Hosur",EAST-INV-DIV,P-001239,P-000760,P-000528,INV-0132,CLOSED,HIGH
FIR-000080,CR-2026-2006,2026-02-14 11:44:28,2026-02-13 19:44:28,FRAUDULENT_TRANSFER,Fictional fraudulent transfer incident tied to Synthetic Logistics Crime probe 06.,L-000181,"Highway Junction, Chennai",CEN-CRIME-UNIT-02,P-001702,P-001644,P-000134,INV-0111,CLOSED,CRITICAL
FIR-000081,CR-2026-2005,2026-01-28 05:18:36,2026-01-25 15:18:36,ASSAULT,Fictional assault incident tied to Synthetic Financial Fraud probe 05.,L-000072,"Warehouse Zone, Erode",CEN-CRIME-UNIT-02,P-001656,P-001714,P-000900,INV-0010,OPEN,HIGH
FIR-000082,CR-2026-2003,2026-01-11 18:36:50,2026-01-08 22:36:50,FINANCIAL_FRAUD,Fictional financial fraud incident tied to Synthetic Gold Smuggling probe 03.,L-000052,"Bus Stand, Erode",NARC-BUREAU-01,P-001115,P-001115,P-000193,INV-0112,OPEN,CRITICAL
FIR-000083,CR-2026-2008,2026-03-22 23:17:59,2026-03-20 22:17:59,ASSAULT,Fictional assault incident tied to Synthetic Financial Fraud probe 08.,L-000181,"Highway Junction, Chennai",CEN-CRIME-UNIT-02,P-000548,P-001317,P-000655,INV-0014,UNDER_REVIEW,CRITICAL
FIR-000084,CR-2026-2007,2026-01-14 01:00:18,2026-01-13 21:00:18,SMUGGLING,Fictional smuggling incident tied to Synthetic Cyber Fraud probe 07.,L-000084,"Residential Colony, Karur",WEST-INV-DIV,P-001042,P-001847,P-000115,INV-0014,OPEN,HIGH
FIR-000085,CR-2026-2020,2026-06-25 14:00:18,2026-06-25 04:00:18,FRAUDULENT_TRANSFER,Fictional fraudulent transfer incident tied to Synthetic Human Trafficking probe 20.,L-000188,"Railway Station, Chennai",CYBER-CELL-01,P-001035,P-000535,P-001817,INV-0091,CLOSED,HIGH
FIR-000086,CR-2026-2005,2026-03-26 05:13:03,2026-03-25 20:13:03,RECOVERY_NOTICE,Fictional recovery notice incident tied to Synthetic Financial Fraud probe 05.,L-000160,"Industrial Estate, Thoothukudi",NARC-BUREAU-01,P-001545,P-001832,P-001437,INV-0078,CLOSED,CRITICAL
FIR-000087,CR-2026-2017,2026-07-19 08:15:05,2026-07-18 20:15:05,EXTORTION,Fictional extortion incident tied to Synthetic Logistics Crime probe 17.,L-000147,"Port Area, Tiruchirappalli",EAST-INV-DIV,P-000435,P-000562,P-001128,INV-0072,CLOSED,HIGH
FIR-000088,CR-2026-2013,2026-04-02 07:15:29,2026-03-31 00:15:29,ASSAULT,Fictional assault incident tied to Synthetic Narcotics probe 13.,L-000102,"Industrial Estate, Hosur",CEN-CRIME-UNIT-03,P-001590,P-000891,P-000583,INV-0039,OPEN,MEDIUM
FIR-000089,CR-2026-2010,2026-05-13 15:48:57,2026-05-10 16:48:57,ASSAULT,Fictional assault incident tied to Synthetic Vehicle Theft probe 10.,L-000188,"Railway Station, Chennai",CEN-CRIME-UNIT-02,P-001247,P-001110,P-001273,INV-0067,CLOSED,HIGH
FIR-000090,CR-2026-2018,2026-03-22 03:25:47,2026-03-19 19:25:47,ASSAULT,Fictional assault incident tied to Synthetic Human Trafficking probe 18.,L-000121,"Residential Colony, Nagercoil",CEN-CRIME-UNIT-01,P-001775,P-000169,P-000902,INV-0054,UNDER_REVIEW,CRITICAL
FIR-000091,CR-2026-2008,2026-05-03 06:31:40,2026-04-30 17:31:40,FRAUDULENT_TRANSFER,Fictional fraudulent transfer incident tied to Synthetic Financial Fraud probe 08.,L-000147,"Port Area, Tiruchirappalli",EAST-INV-DIV,P-000652,P-000548,P-000786,INV-0059,UNDER_REVIEW,CRITICAL
FIR-000092,CR-2026-2001,2026-08-05 23:27:53,2026-08-03 22:27:53,EXTORTION,Fictional extortion incident tied to Synthetic Cyber Fraud probe 01.,L-000114,"Ring Road, Thanjavur",CYBER-CELL-01,P-000981,P-001884,P-001997,INV-0130,OPEN,HIGH
FIR-000093,CR-2026-2005,2026-06-02 06:04:55,2026-05-30 22:04:55,THEFT,Fictional theft incident tied to Synthetic Financial Fraud probe 05.,L-000016,"University Road, Karur",FIN-CRIME-CELL,P-000719,P-000015,P-000900,INV-0053,OPEN,HIGH
FIR-000094,CR-2026-2003,2026-08-30 03:08:37,2026-08-27 11:08:37,THEFT,Fictional theft incident tied to Synthetic Gold Smuggling probe 03.,L-000052,"Bus Stand, Erode",CYBER-CELL-01,P-000205,P-000595,P-000205,INV-0129,OPEN,MEDIUM
FIR-000095,CR-2026-2012,2026-01-08 19:15:45,2026-01-07 00:15:45,FINANCIAL_FRAUD,Fictional financial fraud incident tied to Synthetic Illegal Trade probe 12.,L-000082,"Highway Junction, Nagercoil",CEN-CRIME-UNIT-01,P-000968,P-000760,P-001951,INV-0098,OPEN,CRITICAL
FIR-000096,CR-2026-2009,2026-04-17 21:14:39,2026-04-17 14:14:39,THEFT,Fictional theft incident tied to Synthetic Gold Smuggling probe 09.,L-000163,"SIPCOT, Hosur",EAST-INV-DIV,P-000711,P-000786,P-000479,INV-0008,CLOSED,HIGH
FIR-000097,CR-2026-2017,2026-02-28 12:18:50,2026-02-27 08:18:50,SMUGGLING,Fictional smuggling incident tied to Synthetic Logistics Crime probe 17.,L-000138,"Port Area, Madurai",SOUTH-POL-SEC,P-001207,P-001945,P-000889,INV-0073,OPEN,MEDIUM
FIR-000098,CR-2026-2013,2026-01-27 02:26:44,2026-01-24 12:26:44,RECOVERY_NOTICE,Fictional recovery notice incident tied to Synthetic Narcotics probe 13.,L-000015,"SIPCOT, Kanniyakumari",CEN-CRIME-UNIT-03,P-000362,P-000362,P-000583,INV-0038,CLOSED,HIGH
FIR-000099,CR-2026-2020,2026-01-24 10:58:29,2026-01-23 13:58:29,EXTORTION,Fictional extortion incident tied to Synthetic Human Trafficking probe 20.,L-000091,"Industrial Estate, Nagapattinam",CEN-CRIME-UNIT-01,P-000197,P-000866,P-001007,INV-0092,CLOSED,HIGH
FIR-000100,CR-2026-2005,2026-05-27 14:06:19,2026-05-25 03:06:19,FINANCIAL_FRAUD,Fictional financial fraud incident tied to Synthetic Financial Fraud probe 05.,L-000067,"Market Road, Nagercoil",WEST-INV-DIV,P-000631,P-001231,P-001656,INV-0095,OPEN,HIGH
FIR-000101,CR-2026-2001,2026-05-10 09:36:00,2026-05-08 04:36:00,FRAUDULENT_TRANSFER,Fictional fraudulent transfer incident tied to Synthetic Cyber Fraud probe 01.,L-000052,"Bus Stand, Erode",FIN-CRIME-CELL,P-001997,P-000023,P-000370,INV-0063,OPEN,MEDIUM
FIR-000102,CR-2026-2016,2026-01-23 12:48:03,2026-01-23 03:48:03,SMUGGLING,Fictional smuggling incident tied to Synthetic Phone Fraud probe 16.,L-000167,"Old Town, Dindigul",SOUTH-POL-SEC,P-000092,P-000661,P-001126,INV-0015,OPEN,MEDIUM
FIR-000103,CR-2026-2016,2026-06-23 17:48:04,2026-06-22 08:48:04,FINANCIAL_FRAUD,Fictional financial fraud incident tied to Synthetic Phone Fraud probe 16.,L-000043,"Textile Market, Karur",FIN-CRIME-CELL,P-001720,P-000092,P-000413,INV-0038,UNDER_REVIEW,LOW
FIR-000104,CR-2026-2014,2026-07-23 03:08:55,2026-07-21 13:08:55,THEFT,Fictional theft incident tied to Synthetic Logistics Crime probe 14.,L-000176,"Auto Nagar, Krishnagiri",NARC-BUREAU-01,P-001273,P-000765,P-000551,INV-0071,UNDER_REVIEW,MEDIUM
FIR-000105,CR-2026-2009,2026-07-14 19:56:04,2026-07-14 01:56:04,CROSS_BORDER_TRADE,Fictional cross border trade incident tied to Synthetic Gold Smuggling probe 09.,L-000061,"Old Town, Tiruchirappalli",CEN-CRIME-UNIT-03,P-001588,P-000360,P-001101,INV-0051,OPEN,LOW
FIR-000106,CR-2026-2018,2026-05-22 07:24:48,2026-05-22 02:24:48,EXTORTION,Fictional extortion incident tied to Synthetic Human Trafficking probe 18.,L-000020,"Residential Colony, Karur",CEN-CRIME-UNIT-01,P-000106,P-001734,P-001435,INV-0041,CLOSED,MEDIUM
FIR-000107,CR-2026-2015,2026-04-12 14:30:25,2026-04-11 00:30:25,SMUGGLING,Fictional smuggling incident tied to Synthetic Cyber Fraud probe 15.,L-000012,"Bus Stand, Madurai",CYBER-CELL-01,P-001728,P-001240,P-001773,INV-0124,OPEN,HIGH
FIR-000108,CR-2026-2016,2026-07-20 02:06:36,2026-07-17 12:06:36,THEFT,Fictional theft incident tied to Synthetic Phone Fraud probe 16.,L-000095,"Port Area, Nagercoil",SOUTH-POL-SEC,P-000673,P-000673,P-001720,INV-0082,OPEN,HIGH
FIR-000109,CR-2026-2014,2026-01-20 07:56:37,2026-01-18 04:56:37,FRAUDULENT_TRANSFER,Fictional fraudulent transfer incident tied to Synthetic Logistics Crime probe 14.,L-000031,"Highway Junction, Dindigul",CEN-CRIME-UNIT-02,P-001072,P-000922,P-001146,INV-0001,UNDER_REVIEW,HIGH
FIR-000110,CR-2026-2011,2026-06-10 01:30:44,2026-06-07 05:30:44,FINANCIAL_FRAUD,Fictional financial fraud incident tied to Synthetic Narcotics probe 11.,L-000054,"Warehouse Zone, Cuddalore",CEN-CRIME-UNIT-03,P-001380,P-000603,P-000385,INV-0017,OPEN,MEDIUM
FIR-000111,CR-2026-2006,2026-06-13 20:00:20,2026-06-12 15:00:20,CROSS_BORDER_TRADE,Fictional cross border trade incident tied to Synthetic Logistics Crime probe 06.,L-000192,"Bypass, Cuddalore",WEST-INV-DIV,P-001644,P-000562,P-001105,INV-0076,UNDER_REVIEW,CRITICAL
FIR-000112,CR-2026-2007,2026-04-26 04:06:38,2026-04-23 12:06:38,RECOVERY_NOTICE,Fictional recovery notice incident tied to Synthetic Cyber Fraud probe 07.,L-000020,"Residential Colony, Karur",CYBER-CELL-01,P-001847,P-001689,P-001863,INV-0028,CLOSED,CRITICAL
FIR-000113,CR-2026-2014,2026-05-09 06:24:30,2026-05-07 16:24:30,FINANCIAL_FRAUD,Fictional financial fraud incident tied to Synthetic Logistics Crime probe 14.,L-000119,"SIPCOT, Krishnagiri",FIN-CRIME-CELL,P-000922,P-001555,P-001183,INV-0062,OPEN,HIGH
FIR-000114,CR-2026-2010,2026-06-03 03:23:27,2026-05-31 16:23:27,RECOVERY_NOTICE,Fictional recovery notice incident tied to Synthetic Vehicle Theft probe 10.,L-000085,"Warehouse Zone, Thanjavur",WEST-INV-DIV,P-000473,P-001712,P-001603,INV-0006,OPEN,HIGH
FIR-000115,CR-2026-2002,2026-04-21 07:05:41,2026-04-18 13:05:41,ASSAULT,Fictional assault incident tied to Synthetic Phone Fraud probe 02.,L-000044,"Old Town, Cuddalore",NARC-BUREAU-01,P-000481,P-001661,P-001743,INV-0121,OPEN,HIGH
FIR-000116,CR-2026-2004,2026-09-02 14:09:56,2026-09-01 16:09:56,THEFT,Fictional theft incident tied to Synthetic Cyber Fraud probe 04.,L-000131,"Warehouse Zone, Kanniyakumari",NORTH-POL-SEC,P-000319,P-001991,P-001369,INV-0020,OPEN,MEDIUM
FIR-000117,CR-2026-2009,2026-02-23 11:30:27,2026-02-21 09:30:27,THEFT,Fictional theft incident tied to Synthetic Gold Smuggling probe 09.,L-000119,"SIPCOT, Krishnagiri",NORTH-POL-SEC,P-001229,P-000360,P-000355,INV-0088,OPEN,MEDIUM
FIR-000118,CR-2026-2009,2026-03-25 16:49:54,2026-03-25 04:49:54,EXTORTION,Fictional extortion incident tied to Synthetic Gold Smuggling probe 09.,L-000151,"Warehouse Zone, Salem",CEN-CRIME-UNIT-02,P-000887,P-001588,P-001168,INV-0157,OPEN,HIGH
FIR-000119,CR-2026-2008,2026-04-12 04:53:16,2026-04-11 01:53:16,CROSS_BORDER_TRADE,Fictional cross border trade incident tied to Synthetic Financial Fraud probe 08.,L-000020,"Residential Colony, Karur",SOUTH-POL-SEC,P-000548,P-001263,P-000786,INV-0158,UNDER_REVIEW,HIGH
FIR-000120,CR-2026-2006,2026-04-13 08:31:26,2026-04-11 15:31:26,SMUGGLING,Fictional smuggling incident tied to Synthetic Logistics Crime probe 06.,L-000130,"Auto Nagar, Nagapattinam",CYBER-CELL-01,P-001304,P-000562,P-000080,INV-0151,CLOSED,MEDIUM
FIR-000121,CR-2026-2019,2026-03-23 18:25:52,2026-03-21 17:25:52,RECOVERY_NOTICE,Fictional recovery notice incident tied to Synthetic Financial Fraud probe 19.,L-000024,"Bus Stand, Tiruchirappalli",NORTH-POL-SEC,P-001948,P-000984,P-001636,INV-0136,UNDER_REVIEW,LOW
FIR-000122,CR-2026-2003,2026-05-06 17:24:23,2026-05-03 19:24:23,SMUGGLING,Fictional smuggling incident tied to Synthetic Gold Smuggling probe 03.,L-000021,"Old Town, Coimbatore",FIN-CRIME-CELL,P-000205,P-000635,P-001620,INV-0036,OPEN,CRITICAL
FIR-000123,CR-2026-2016,2026-01-09 04:13:09,2026-01-06 17:13:09,THEFT,Fictional theft incident tied to Synthetic Phone Fraud probe 16.,L-000082,"Highway Junction, Nagercoil",SOUTH-POL-SEC,P-001644,P-001126,P-001720,INV-0019,CLOSED,LOW
FIR-000124,CR-2026-2003,2026-08-10 16:02:06,2026-08-10 02:02:06,THEFT,Fictional theft incident tied to Synthetic Gold Smuggling probe 03.,L-000106,"Railway Station, Hosur",CYBER-CELL-01,P-001826,P-000635,P-001329,INV-0127,OPEN,MEDIUM
FIR-000125,CR-2026-2006,2026-08-24 20:51:01,2026-08-21 21:51:01,THEFT,Fictional theft incident tied to Synthetic Logistics Crime probe 06.,L-000193,"Grain Market, Tirunelveli",WEST-INV-DIV,P-000720,P-000720,P-001014,INV-0019,CLOSED,CRITICAL
FIR-000126,CR-2026-2009,2026-04-26 04:02:10,2026-04-23 13:02:10,EXTORTION,Fictional extortion incident tied to Synthetic Gold Smuggling probe 09.,L-000153,"University Road, Krishnagiri",WEST-INV-DIV,P-000475,P-000073,P-000360,INV-0036,CLOSED,HIGH
FIR-000127,CR-2026-2007,2026-05-27 22:33:28,2026-05-26 02:33:28,THEFT,Fictional theft incident tied to Synthetic Cyber Fraud probe 07.,L-000151,"Warehouse Zone, Salem",WEST-INV-DIV,P-001863,P-001762,P-001684,INV-0120,OPEN,LOW
FIR-000128,CR-2026-2012,2026-05-07 01:13:51,2026-05-06 04:13:51,FRAUDULENT_TRANSFER,Fictional fraudulent transfer incident tied to Synthetic Illegal Trade probe 12.,L-000165,"Ring Road, Krishnagiri",CEN-CRIME-UNIT-02,P-001239,P-001060,P-000760,INV-0086,OPEN,HIGH
FIR-000129,CR-2026-2004,2026-07-10 17:32:03,2026-07-07 18:32:03,ASSAULT,Fictional assault incident tied to Synthetic Cyber Fraud probe 04.,L-000188,"Railway Station, Chennai",FIN-CRIME-CELL,P-001420,P-000608,P-001369,INV-0123,CLOSED,HIGH
FIR-000130,CR-2026-2004,2026-08-22 02:50:48,2026-08-21 08:50:48,FRAUDULENT_TRANSFER,Fictional fraudulent transfer incident tied to Synthetic Cyber Fraud probe 04.,L-000015,"SIPCOT, Kanniyakumari",FIN-CRIME-CELL,P-001788,P-001371,P-001991,INV-0017,UNDER_REVIEW,HIGH
FIR-000131,CR-2026-2012,2026-05-24 05:33:24,2026-05-23 19:33:24,RECOVERY_NOTICE,Fictional recovery notice incident tied to Synthetic Illegal Trade probe 12.,L-000190,"Residential Colony, Erode",SOUTH-POL-SEC,P-000615,P-001239,P-001239,INV-0041,OPEN,HIGH
FIR-000132,CR-2026-2016,2026-06-04 16:18:08,2026-06-01 18:18:08,SMUGGLING,Fictional smuggling incident tied to Synthetic Phone Fraud probe 16.,L-000121,"Residential Colony, Nagercoil",EAST-INV-DIV,P-000197,P-000964,P-001720,INV-0056,CLOSED,CRITICAL
FIR-000133,CR-2026-2014,2026-01-05 08:31:04,2026-01-02 08:31:04,SMUGGLING,Fictional smuggling incident tied to Synthetic Logistics Crime probe 14.,L-000165,"Ring Road, Krishnagiri",SOUTH-POL-SEC,P-001653,P-000712,P-001183,INV-0051,OPEN,HIGH
FIR-000134,CR-2026-2017,2026-02-05 17:58:05,2026-02-03 12:58:05,EXTORTION,Fictional extortion incident tied to Synthetic Logistics Crime probe 17.,L-000020,"Residential Colony, Karur",SOUTH-POL-SEC,P-001635,P-000922,P-001128,INV-0074,CLOSED,HIGH
FIR-000135,CR-2026-2004,2026-07-04 13:16:07,2026-07-02 16:16:07,SMUGGLING,Fictional smuggling incident tied to Synthetic Cyber Fraud probe 04.,L-000082,"Highway Junction, Nagercoil",NORTH-POL-SEC,P-001788,P-001420,P-001420,INV-0058,CLOSED,CRITICAL
FIR-000136,CR-2026-2008,2026-04-07 23:16:57,2026-04-06 04:16:57,SMUGGLING,Fictional smuggling incident tied to Synthetic Financial Fraud probe 08.,L-000077,"Textile Market, Coimbatore",NARC-BUREAU-01,P-001535,P-001263,P-000056,INV-0089,OPEN,HIGH
FIR-000137,CR-2026-2018,2026-05-04 20:25:41,2026-05-02 18:25:41,CROSS_BORDER_TRADE,Fictional cross border trade incident tied to Synthetic Human Trafficking probe 18.,L-000114,"Ring Road, Thanjavur",NARC-BUREAU-01,P-000936,P-001752,P-000169,INV-0029,OPEN,HIGH
FIR-000138,CR-2026-2006,2026-03-12 04:03:32,2026-03-09 08:03:32,RECOVERY_NOTICE,Fictional recovery notice incident tied to Synthetic Logistics Crime probe 06.,L-000178,"Bus Stand, Karur",SOUTH-POL-SEC,P-001180,P-001105,P-000854,INV-0067,OPEN,HIGH
FIR-000139,CR-2026-2019,2026-07-31 06:16:59,2026-07-29 12:16:59,ASSAULT,Fictional assault incident tied to Synthetic Financial Fraud probe 19.,L-000178,"Bus Stand, Karur",CYBER-CELL-01,P-000804,P-001636,P-000690,INV-0084,OPEN,LOW
FIR-000140,CR-2026-2008,2026-03-29 18:28:40,2026-03-28 14:28:40,FINANCIAL_FRAUD,Fictional financial fraud incident tied to Synthetic Financial Fraud probe 08.,L-000151,"Warehouse Zone, Salem",EAST-INV-DIV,P-001317,P-001317,P-001263,INV-0124,UNDER_REVIEW,MEDIUM
FIR-000141,CR-2026-2015,2026-08-27 17:38:25,2026-08-25 06:38:25,FINANCIAL_FRAUD,Fictional financial fraud incident tied to Synthetic Cyber Fraud probe 15.,L-000027,"Port Area, Nagapattinam",WEST-INV-DIV,P-001801,P-001240,P-000983,INV-0074,CLOSED,HIGH
FIR-000142,CR-2026-2011,2026-06-01 19:43:44,2026-05-31 02:43:44,EXTORTION,Fictional extortion incident tied to Synthetic Narcotics probe 11.,L-000130,"Auto Nagar, Nagapattinam",NARC-BUREAU-01,P-001050,P-000005,P-000870,INV-0113,OPEN,MEDIUM
FIR-000143,CR-2026-2017,2026-02-24 17:23:24,2026-02-24 11:23:24,FRAUDULENT_TRANSFER,Fictional fraudulent transfer incident tied to Synthetic Logistics Crime probe 17.,L-000153,"University Road, Krishnagiri",WEST-INV-DIV,P-000697,P-001322,P-001945,INV-0041,CLOSED,LOW
FIR-000144,CR-2026-2011,2026-07-14 01:44:53,2026-07-13 13:44:53,FRAUDULENT_TRANSFER,Fictional fraudulent transfer incident tied to Synthetic Narcotics probe 11.,L-000038,"Bus Stand, Madurai",FIN-CRIME-CELL,P-000385,P-000364,P-001293,INV-0131,UNDER_REVIEW,CRITICAL
FIR-000145,CR-2026-2008,2026-02-19 13:48:26,2026-02-19 01:48:26,THEFT,Fictional theft incident tied to Synthetic Financial Fraud probe 08.,L-000082,"Highway Junction, Nagercoil",CEN-CRIME-UNIT-02,P-000655,P-000056,P-000372,INV-0118,UNDER_REVIEW,LOW
FIR-000146,CR-2026-2013,2026-05-05 08:40:45,2026-05-05 00:40:45,FINANCIAL_FRAUD,Fictional financial fraud incident tied to Synthetic Narcotics probe 13.,L-000023,"Bus Stand, Kanniyakumari",WEST-INV-DIV,P-000786,P-000894,P-000583,INV-0006,OPEN,MEDIUM
FIR-000147,CR-2026-2002,2026-02-22 07:33:17,2026-02-20 17:33:17,FRAUDULENT_TRANSFER,Fictional fraudulent transfer incident tied to Synthetic Phone Fraud probe 02.,L-000095,"Port Area, Nagercoil",NORTH-POL-SEC,P-001076,P-001506,P-000193,INV-0114,CLOSED,CRITICAL
FIR-000148,CR-2026-2014,2026-04-08 12:06:46,2026-04-07 04:06:46,FRAUDULENT_TRANSFER,Fictional fraudulent transfer incident tied to Synthetic Logistics Crime probe 14.,L-000038,"Bus Stand, Madurai",EAST-INV-DIV,P-001917,P-000045,P-001766,INV-0127,OPEN,HIGH
FIR-000149,CR-2026-2005,2026-03-09 16:08:53,2026-03-08 14:08:53,EXTORTION,Fictional extortion incident tied to Synthetic Financial Fraud probe 05.,L-000095,"Port Area, Nagercoil",NARC-BUREAU-01,P-001832,P-000843,P-001231,INV-0024,OPEN,HIGH
FIR-000150,CR-2026-2002,2026-03-17 18:53:32,2026-03-15 14:53:32,THEFT,Fictional theft incident tied to Synthetic Phone Fraud probe 02.,L-000114,"Ring Road, Thanjavur",NARC-BUREAU-01,P-000379,P-001622,P-000193,INV-0067,OPEN,HIGH
FIR-000151,CR-2026-2011,2026-05-06 21:40:26,2026-05-06 00:40:26,CROSS_BORDER_TRADE,Fictional cross border trade incident tied to Synthetic Narcotics probe 11.,L-000077,"Textile Market, Coimbatore",NARC-BUREAU-01,P-000005,P-000385,P-000385,INV-0144,OPEN,HIGH
FIR-000152,CR-2026-2011,2026-05-28 12:02:44,2026-05-27 07:02:44,FRAUDULENT_TRANSFER,Fictional fraudulent transfer incident tied to Synthetic Narcotics probe 11.,L-000025,"Textile Market, Nagapattinam",WEST-INV-DIV,P-001380,P-000385,P-000260,INV-0027,OPEN,CRITICAL
FIR-000153,CR-2026-2020,2026-05-25 10:51:02,2026-05-23 13:51:02,SMUGGLING,Fictional smuggling incident tied to Synthetic Human Trafficking probe 20.,L-000077,"Textile Market, Coimbatore",EAST-INV-DIV,P-001357,P-001337,P-001933,INV-0097,OPEN,CRITICAL
FIR-000154,CR-2026-2006,2026-02-16 04:19:08,2026-02-13 08:19:08,RECOVERY_NOTICE,Fictional recovery notice incident tied to Synthetic Logistics Crime probe 06.,L-000165,"Ring Road, Krishnagiri",EAST-INV-DIV,P-001272,P-001105,P-001270,INV-0093,OPEN,HIGH
FIR-000155,CR-2026-2020,2026-07-29 03:24:14,2026-07-28 17:24:14,ASSAULT,Fictional assault incident tied to Synthetic Human Trafficking probe 20.,L-000020,"Residential Colony, Karur",FIN-CRIME-CELL,P-000668,P-001491,P-001357,INV-0134,CLOSED,HIGH
FIR-000156,CR-2026-2003,2026-01-04 22:38:33,2026-01-02 23:38:33,CROSS_BORDER_TRADE,Fictional cross border trade incident tied to Synthetic Gold Smuggling probe 03.,L-000096,"Warehouse Zone, Tiruchirappalli",WEST-INV-DIV,P-001329,P-001620,P-001826,INV-0023,CLOSED,CRITICAL
FIR-000157,CR-2026-2013,2026-05-05 08:52:18,2026-05-04 01:52:18,FRAUDULENT_TRANSFER,Fictional fraudulent transfer incident tied to Synthetic Narcotics probe 13.,L-000188,"Railway Station, Chennai",CYBER-CELL-01,P-001271,P-001849,P-000511,INV-0070,OPEN,CRITICAL
FIR-000158,CR-2026-2014,2026-03-16 17:42:58,2026-03-13 18:42:58,RECOVERY_NOTICE,Fictional recovery notice incident tied to Synthetic Logistics Crime probe 14.,L-000017,"Ring Road, Hosur",NARC-BUREAU-01,P-000697,P-000335,P-001555,INV-0138,OPEN,MEDIUM
FIR-000159,CR-2026-2015,2026-03-10 01:26:43,2026-03-07 08:26:43,EXTORTION,Fictional extortion incident tied to Synthetic Cyber Fraud probe 15.,L-000049,"Technology Park, Nagercoil",NORTH-POL-SEC,P-001653,P-000983,P-001773,INV-0125,CLOSED,MEDIUM
FIR-000160,CR-2026-2003,2026-07-08 11:54:33,2026-07-06 22:54:33,CROSS_BORDER_TRADE,Fictional cross border trade incident tied to Synthetic Gold Smuggling probe 03.,L-000132,"Market Road, Karur",NARC-BUREAU-01,P-001329,P-001620,P-001620,INV-0021,CLOSED,MEDIUM
FIR-000161,CR-2026-2012,2026-04-14 18:25:34,2026-04-13 09:25:34,RECOVERY_NOTICE,Fictional recovery notice incident tied to Synthetic Illegal Trade probe 12.,L-000170,"Bus Stand, Karur",CEN-CRIME-UNIT-03,P-000528,P-000428,P-001382,INV-0103,OPEN,HIGH
FIR-000162,CR-2026-2007,2026-01-19 03:41:49,2026-01-18 23:41:49,FINANCIAL_FRAUD,Fictional financial fraud incident tied to Synthetic Cyber Fraud probe 07.,L-000031,"Highway Junction, Dindigul",CEN-CRIME-UNIT-02,P-001367,P-001718,P-000115,INV-0075,CLOSED,HIGH
FIR-000163,CR-2026-2018,2026-08-10 13:53:54,2026-08-08 00:53:54,SMUGGLING,Fictional smuggling incident tied to Synthetic Human Trafficking probe 18.,L-000147,"Port Area, Tiruchirappalli",CYBER-CELL-01,P-000535,P-001197,P-000535,INV-0057,OPEN,HIGH
FIR-000164,CR-2026-2010,2026-05-24 03:15:29,2026-05-22 17:15:29,EXTORTION,Fictional extortion incident tied to Synthetic Vehicle Theft probe 10.,L-000079,"Warehouse Zone, Salem",NORTH-POL-SEC,P-001110,P-001110,P-001110,INV-0096,CLOSED,LOW
FIR-000165,CR-2026-2011,2026-07-28 11:53:29,2026-07-26 16:53:29,ASSAULT,Fictional assault incident tied to Synthetic Narcotics probe 11.,L-000047,"Industrial Estate, Salem",WEST-INV-DIV,P-001380,P-000840,P-000005,INV-0014,CLOSED,MEDIUM
FIR-000166,CR-2026-2006,2026-07-04 05:32:40,2026-07-01 06:32:40,SMUGGLING,Fictional smuggling incident tied to Synthetic Logistics Crime probe 06.,L-000153,"University Road, Krishnagiri",NORTH-POL-SEC,P-000017,P-001180,P-000689,INV-0118,OPEN,MEDIUM
FIR-000167,CR-2026-2001,2026-01-18 09:57:12,2026-01-15 17:57:12,FINANCIAL_FRAUD,Fictional financial fraud incident tied to Synthetic Cyber Fraud probe 01.,L-000105,"Bypass, Tirunelveli",WEST-INV-DIV,P-000981,P-001346,P-000981,INV-0030,CLOSED,HIGH
FIR-000168,CR-2026-2001,2026-03-01 18:31:45,2026-02-28 02:31:45,RECOVERY_NOTICE,Fictional recovery notice incident tied to Synthetic Cyber Fraud probe 01.,L-000023,"Bus Stand, Kanniyakumari",CEN-CRIME-UNIT-01,P-000023,P-000248,P-000626,INV-0057,UNDER_REVIEW,HIGH
FIR-000169,CR-2026-2012,2026-02-13 19:17:03,2026-02-11 06:17:03,FINANCIAL_FRAUD,Fictional financial fraud incident tied to Synthetic Illegal Trade probe 12.,L-000072,"Warehouse Zone, Erode",CEN-CRIME-UNIT-03,P-001239,P-000488,P-000528,INV-0044,CLOSED,HIGH
FIR-000170,CR-2026-2001,2026-04-08 21:24:38,2026-04-06 04:24:38,CROSS_BORDER_TRADE,Fictional cross border trade incident tied to Synthetic Cyber Fraud probe 01.,L-000121,"Residential Colony, Nagercoil",NARC-BUREAU-01,P-000981,P-001447,P-001448,INV-0055,OPEN,HIGH
FIR-000171,CR-2026-2013,2026-06-10 23:42:49,2026-06-10 14:42:49,CROSS_BORDER_TRADE,Fictional cross border trade incident tied to Synthetic Narcotics probe 13.,L-000077,"Textile Market, Coimbatore",CEN-CRIME-UNIT-02,P-001490,P-000894,P-000362,INV-0093,OPEN,HIGH
FIR-000172,CR-2026-2015,2026-08-11 21:10:51,2026-08-10 13:10:51,SMUGGLING,Fictional smuggling incident tied to Synthetic Cyber Fraud probe 15.,L-000020,"Residential Colony, Karur",CEN-CRIME-UNIT-02,P-000510,P-001801,P-001801,INV-0155,CLOSED,MEDIUM
FIR-000173,CR-2026-2016,2026-04-15 18:02:31,2026-04-15 10:02:31,ASSAULT,Fictional assault incident tied to Synthetic Phone Fraud probe 16.,L-000181,"Highway Junction, Chennai",WEST-INV-DIV,P-000964,P-000430,P-000530,INV-0106,CLOSED,HIGH
FIR-000174,CR-2026-2001,2026-01-11 23:25:39,2026-01-10 19:25:39,FINANCIAL_FRAUD,Fictional financial fraud incident tied to Synthetic Cyber Fraud probe 01.,L-000072,"Warehouse Zone, Erode",CYBER-CELL-01,P-000023,P-000023,P-000023,INV-0129,OPEN,HIGH
FIR-000175,CR-2026-2001,2026-02-20 10:15:06,2026-02-18 14:15:06,FRAUDULENT_TRANSFER,Fictional fraudulent transfer incident tied to Synthetic Cyber Fraud probe 01.,L-000009,"Highway Junction, Krishnagiri",CEN-CRIME-UNIT-01,P-001447,P-000602,P-000602,INV-0156,OPEN,MEDIUM
FIR-000176,CR-2026-2014,2026-03-29 04:13:09,2026-03-27 11:13:09,ASSAULT,Fictional assault incident tied to Synthetic Logistics Crime probe 14.,L-000023,"Bus Stand, Kanniyakumari",SOUTH-POL-SEC,P-001917,P-001682,P-001555,INV-0088,UNDER_REVIEW,HIGH
FIR-000177,CR-2026-2012,2026-04-11 10:46:59,2026-04-09 03:46:59,EXTORTION,Fictional extortion incident tied to Synthetic Illegal Trade probe 12.,L-000072,"Warehouse Zone, Erode",FIN-CRIME-CELL,P-000428,P-001060,P-001651,INV-0140,CLOSED,MEDIUM
FIR-000178,CR-2026-2007,2026-08-02 00:45:47,2026-07-31 05:45:47,SMUGGLING,Fictional smuggling incident tied to Synthetic Cyber Fraud probe 07.,L-000192,"Bypass, Cuddalore",NORTH-POL-SEC,P-000115,P-000367,P-001367,INV-0031,CLOSED,MEDIUM
FIR-000179,CR-2026-2005,2026-06-16 03:30:24,2026-06-14 15:30:24,FINANCIAL_FRAUD,Fictional financial fraud incident tied to Synthetic Financial Fraud probe 05.,L-000003,"University Road, Erode",CEN-CRIME-UNIT-01,P-000015,P-001437,P-000843,INV-0038,CLOSED,CRITICAL
FIR-000180,CR-2026-2020,2026-04-24 10:34:26,2026-04-23 06:34:26,FINANCIAL_FRAUD,Fictional financial fraud incident tied to Synthetic Human Trafficking probe 20.,L-000050,"Port Area, Madurai",EAST-INV-DIV,P-001933,P-001817,P-000886,INV-0037,CLOSED,MEDIUM
FIR-000181,CR-2026-2007,2026-07-12 23:30:18,2026-07-11 22:30:18,CROSS_BORDER_TRADE,Fictional cross border trade incident tied to Synthetic Cyber Fraud probe 07.,L-000091,"Industrial Estate, Nagapattinam",FIN-CRIME-CELL,P-001402,P-000192,P-000156,INV-0141,CLOSED,HIGH
FIR-000182,CR-2026-2016,2026-03-16 10:17:51,2026-03-16 04:17:51,SMUGGLING,Fictional smuggling incident tied to Synthetic Phone Fraud probe 16.,L-000167,"Old Town, Dindigul",EAST-INV-DIV,P-000830,P-000010,P-001072,INV-0159,OPEN,MEDIUM
FIR-000183,CR-2026-2020,2026-08-14 02:37:19,2026-08-12 03:37:19,THEFT,Fictional theft incident tied to Synthetic Human Trafficking probe 20.,L-000192,"Bypass, Cuddalore",FIN-CRIME-CELL,P-000600,P-001007,P-001357,INV-0057,OPEN,MEDIUM
FIR-000184,CR-2026-2003,2026-07-13 06:49:17,2026-07-12 01:49:17,CROSS_BORDER_TRADE,Fictional cross border trade incident tied to Synthetic Gold Smuggling probe 03.,L-000092,"Old Town, Cuddalore",CEN-CRIME-UNIT-03,P-001620,P-000635,P-000205,INV-0026,CLOSED,HIGH
FIR-000185,CR-2026-2001,2026-05-12 05:34:33,2026-05-11 23:34:33,EXTORTION,Fictional extortion incident tied to Synthetic Cyber Fraud probe 01.,L-000091,"Industrial Estate, Nagapattinam",WEST-INV-DIV,P-000023,P-001346,P-000626,INV-0150,CLOSED,MEDIUM
FIR-000186,CR-2026-2017,2026-01-27 21:15:19,2026-01-26 11:15:19,FINANCIAL_FRAUD,Fictional financial fraud incident tied to Synthetic Logistics Crime probe 17.,L-000039,"Port Area, Dindigul",CYBER-CELL-01,P-001207,P-001914,P-001251,INV-0097,UNDER_REVIEW,CRITICAL
FIR-000187,CR-2026-2020,2026-02-01 11:56:02,2026-01-31 20:56:02,FRAUDULENT_TRANSFER,Fictional fraudulent transfer incident tied to Synthetic Human Trafficking probe 20.,L-000012,"Bus Stand, Madurai",WEST-INV-DIV,P-001406,P-000668,P-001035,INV-0139,OPEN,HIGH
FIR-000188,CR-2026-2020,2026-01-26 12:29:54,2026-01-23 17:29:54,ASSAULT,Fictional assault incident tied to Synthetic Human Trafficking probe 20.,L-000105,"Bypass, Tirunelveli",SOUTH-POL-SEC,P-000668,P-001007,P-000694,INV-0115,CLOSED,HIGH
FIR-000189,CR-2026-2011,2026-04-14 23:23:16,2026-04-12 22:23:16,THEFT,Fictional theft incident tied to Synthetic Narcotics probe 11.,L-000091,"Industrial Estate, Nagapattinam",FIN-CRIME-CELL,P-001339,P-000603,P-001339,INV-0072,OPEN,HIGH
FIR-000190,CR-2026-2017,2026-02-05 22:20:44,2026-02-05 11:20:44,EXTORTION,Fictional extortion incident tied to Synthetic Logistics Crime probe 17.,L-000009,"Highway Junction, Krishnagiri",CEN-CRIME-UNIT-02,P-000881,P-000562,P-000933,INV-0035,OPEN,MEDIUM
FIR-000191,CR-2026-2014,2026-07-08 11:23:36,2026-07-06 20:23:36,FRAUDULENT_TRANSFER,Fictional fraudulent transfer incident tied to Synthetic Logistics Crime probe 14.,L-000096,"Warehouse Zone, Tiruchirappalli",FIN-CRIME-CELL,P-000712,P-001072,P-001995,INV-0089,OPEN,HIGH
FIR-000192,CR-2026-2016,2026-01-12 11:42:48,2026-01-11 05:42:48,FINANCIAL_FRAUD,Fictional financial fraud incident tied to Synthetic Phone Fraud probe 16.,L-000182,"IT Park, Karur",NARC-BUREAU-01,P-001766,P-000938,P-001072,INV-0069,UNDER_REVIEW,LOW
FIR-000193,CR-2026-2008,2026-03-15 13:22:59,2026-03-14 05:22:59,FINANCIAL_FRAUD,Fictional financial fraud incident tied to Synthetic Financial Fraud probe 08.,L-000130,"Auto Nagar, Nagapattinam",CEN-CRIME-UNIT-02,P-000786,P-001317,P-000548,INV-0148,UNDER_REVIEW,HIGH
FIR-000194,CR-2026-2010,2026-07-05 05:31:26,2026-07-04 18:31:26,RECOVERY_NOTICE,Fictional recovery notice incident tied to Synthetic Vehicle Theft probe 10.,L-000045,"Industrial Estate, Cuddalore",WEST-INV-DIV,P-000134,P-001110,P-000191,INV-0089,OPEN,HIGH
FIR-000195,CR-2026-2011,2026-07-29 03:13:20,2026-07-27 09:13:20,THEFT,Fictional theft incident tied to Synthetic Narcotics probe 11.,L-000121,"Residential Colony, Nagercoil",EAST-INV-DIV,P-000870,P-000870,P-000575,INV-0145,UNDER_REVIEW,HIGH
FIR-000196,CR-2026-2005,2026-05-02 17:25:05,2026-05-02 02:25:05,FINANCIAL_FRAUD,Fictional financial fraud incident tied to Synthetic Financial Fraud probe 05.,L-000124,"Technology Park, Nagapattinam",FIN-CRIME-CELL,P-000754,P-001656,P-000631,INV-0107,CLOSED,MEDIUM
FIR-000197,CR-2026-2016,2026-08-12 15:20:39,2026-08-11 18:20:39,CROSS_BORDER_TRADE,Fictional cross border trade incident tied to Synthetic Phone Fraud probe 16.,L-000114,"Ring Road, Thanjavur",SOUTH-POL-SEC,P-001072,P-000964,P-000661,INV-0005,CLOSED,MEDIUM
FIR-000198,CR-2026-2001,2026-04-22 07:50:57,2026-04-21 22:50:57,RECOVERY_NOTICE,Fictional recovery notice incident tied to Synthetic Cyber Fraud probe 01.,L-000167,"Old Town, Dindigul",FIN-CRIME-CELL,P-001448,P-001448,P-001346,INV-0098,OPEN,MEDIUM
FIR-000199,CR-2026-2007,2026-05-18 07:21:48,2026-05-17 11:21:48,THEFT,Fictional theft incident tied to Synthetic Cyber Fraud probe 07.,L-000153,"University Road, Krishnagiri",CYBER-CELL-01,P-000790,P-001689,P-001863,INV-0131,CLOSED,HIGH
FIR-000200,CR-2026-2002,2026-04-16 23:47:12,2026-04-14 23:47:12,RECOVERY_NOTICE,Fictional recovery notice incident tied to Synthetic Phone Fraud probe 02.,L-000172,"Warehouse Zone, Chennai",FIN-CRIME-CELL,P-000126,P-000481,P-000379,INV-0063,CLOSED,HIGH
FIR-000201,CR-2026-2008,2026-08-18 15:46:16,2026-08-18 03:46:16,RECOVERY_NOTICE,Fictional recovery notice incident tied to Synthetic Financial Fraud probe 08.,L-000117,"University Road, Dindigul",FIN-CRIME-CELL,P-000548,P-000548,P-000652,INV-0131,CLOSED,HIGH
FIR-000202,CR-2026-2017,2026-04-17 08:34:05,2026-04-14 17:34:05,FINANCIAL_FRAUD,Fictional financial fraud incident tied to Synthetic Logistics Crime probe 17.,L-000108,"Auto Nagar, Thoothukudi",EAST-INV-DIV,P-001515,P-001042,P-001914,INV-0138,OPEN,CRITICAL
FIR-000203,CR-2026-2010,2026-02-08 01:04:56,2026-02-06 00:04:56,EXTORTION,Fictional extortion incident tied to Synthetic Vehicle Theft probe 10.,L-000130,"Auto Nagar, Nagapattinam",WEST-INV-DIV,P-000134,P-001603,P-001625,INV-0030,UNDER_REVIEW,HIGH
FIR-000204,CR-2026-2009,2026-05-06 18:48:05,2026-05-03 22:48:05,EXTORTION,Fictional extortion incident tied to Synthetic Gold Smuggling probe 09.,L-000075,"Residential Colony, Salem",SOUTH-POL-SEC,P-000360,P-001229,P-000786,INV-0039,UNDER_REVIEW,MEDIUM
FIR-000205,CR-2026-2004,2026-04-11 21:33:20,2026-04-10 03:33:20,FINANCIAL_FRAUD,Fictional financial fraud incident tied to Synthetic Cyber Fraud probe 04.,L-000078,"Technology Park, Nagercoil",WEST-INV-DIV,P-001133,P-000319,P-000608,INV-0090,OPEN,HIGH
FIR-000206,CR-2026-2014,2026-07-24 23:30:17,2026-07-24 02:30:17,THEFT,Fictional theft incident tied to Synthetic Logistics Crime probe 14.,L-000118,"Textile Market, Chennai",FIN-CRIME-CELL,P-000697,P-001682,P-000676,INV-0074,OPEN,HIGH
FIR-000207,CR-2026-2010,2026-03-20 14:20:38,2026-03-19 22:20:38,FINANCIAL_FRAUD,Fictional financial fraud incident tied to Synthetic Vehicle Theft probe 10.,L-000165,"Ring Road, Krishnagiri",NORTH-POL-SEC,P-001712,P-000393,P-000393,INV-0065,UNDER_REVIEW,HIGH
FIR-000208,CR-2026-2020,2026-03-16 15:39:10,2026-03-14 02:39:10,THEFT,Fictional theft incident tied to Synthetic Human Trafficking probe 20.,L-000123,"Old Town, Krishnagiri",EAST-INV-DIV,P-001406,P-001406,P-001112,INV-0133,OPEN,CRITICAL
FIR-000209,CR-2026-2010,2026-04-29 18:26:45,2026-04-28 14:26:45,FRAUDULENT_TRANSFER,Fictional fraudulent transfer incident tied to Synthetic Vehicle Theft probe 10.,L-000114,"Ring Road, Thanjavur",FIN-CRIME-CELL,P-001685,P-001603,P-001546,INV-0006,OPEN,CRITICAL
FIR-000210,CR-2026-2012,2026-01-04 01:00:03,2026-01-01 08:00:03,FRAUDULENT_TRANSFER,Fictional fraudulent transfer incident tied to Synthetic Illegal Trade probe 12.,L-000081,"Textile Market, Karur",CYBER-CELL-01,P-001060,P-000210,P-000615,INV-0149,UNDER_REVIEW,HIGH
FIR-000211,CR-2026-2020,2026-03-05 01:16:49,2026-03-04 10:16:49,EXTORTION,Fictional extortion incident tied to Synthetic Human Trafficking probe 20.,L-000014,"Auto Nagar, Nagapattinam",CYBER-CELL-01,P-001007,P-001406,P-001007,INV-0157,CLOSED,HIGH
FIR-000212,CR-2026-2017,2026-08-11 10:17:19,2026-08-08 18:17:19,CROSS_BORDER_TRADE,Fictional cross border trade incident tied to Synthetic Logistics Crime probe 17.,L-000189,"Industrial Estate, Nagapattinam",SOUTH-POL-SEC,P-000280,P-000824,P-001495,INV-0079,CLOSED,HIGH
FIR-000213,CR-2026-2004,2026-02-12 20:14:55,2026-02-11 17:14:55,RECOVERY_NOTICE,Fictional recovery notice incident tied to Synthetic Cyber Fraud probe 04.,L-000009,"Highway Junction, Krishnagiri",NARC-BUREAU-01,P-000555,P-001559,P-000323,INV-0039,UNDER_REVIEW,MEDIUM
FIR-000214,CR-2026-2003,2026-01-08 14:51:58,2026-01-06 21:51:58,RECOVERY_NOTICE,Fictional recovery notice incident tied to Synthetic Gold Smuggling probe 03.,L-000102,"Industrial Estate, Hosur",EAST-INV-DIV,P-001826,P-001329,P-001115,INV-0011,CLOSED,MEDIUM
FIR-000215,CR-2026-2012,2026-02-05 06:59:11,2026-02-02 12:59:11,ASSAULT,Fictional assault incident tied to Synthetic Illegal Trade probe 12.,L-000016,"University Road, Karur",CEN-CRIME-UNIT-02,P-001239,P-000428,P-000210,INV-0121,UNDER_REVIEW,HIGH
FIR-000216,CR-2026-2009,2026-07-15 13:38:38,2026-07-14 15:38:38,SMUGGLING,Fictional smuggling incident tied to Synthetic Gold Smuggling probe 09.,L-000007,"Ring Road, Krishnagiri",EAST-INV-DIV,P-001299,P-000355,P-000984,INV-0144,CLOSED,CRITICAL
FIR-000217,CR-2026-2012,2026-04-22 16:19:51,2026-04-21 12:19:51,ASSAULT,Fictional assault incident tied to Synthetic Illegal Trade probe 12.,L-000169,"University Road, Tirunelveli",NORTH-POL-SEC,P-000488,P-001104,P-001382,INV-0094,CLOSED,MEDIUM
FIR-000218,CR-2026-2012,2026-08-16 01:12:20,2026-08-13 18:12:20,CROSS_BORDER_TRADE,Fictional cross border trade incident tied to Synthetic Illegal Trade probe 12.,L-000151,"Warehouse Zone, Salem",SOUTH-POL-SEC,P-000472,P-000528,P-001382,INV-0106,OPEN,CRITICAL
FIR-000219,CR-2026-2018,2026-06-08 16:03:51,2026-06-08 11:03:51,ASSAULT,Fictional assault incident tied to Synthetic Human Trafficking probe 18.,L-000079,"Warehouse Zone, Salem",WEST-INV-DIV,P-000535,P-001748,P-001435,INV-0118,CLOSED,HIGH
FIR-000220,CR-2026-2018,2026-05-02 01:10:37,2026-05-01 10:10:37,RECOVERY_NOTICE,Fictional recovery notice incident tied to Synthetic Human Trafficking probe 18.,L-000009,"Highway Junction, Krishnagiri",NARC-BUREAU-01,P-001787,P-000219,P-001273,INV-0034,OPEN,HIGH
FIR-000221,CR-2026-2015,2026-09-02 07:55:35,2026-09-01 09:55:35,FINANCIAL_FRAUD,Fictional financial fraud incident tied to Synthetic Cyber Fraud probe 15.,L-000072,"Warehouse Zone, Erode",CYBER-CELL-01,P-001773,P-001773,P-001801,INV-0060,CLOSED,HIGH
FIR-000222,CR-2026-2020,2026-08-01 09:03:29,2026-08-01 03:03:29,FINANCIAL_FRAUD,Fictional financial fraud incident tied to Synthetic Human Trafficking probe 20.,L-000179,"SIPCOT, Tiruchirappalli",WEST-INV-DIV,P-000535,P-001357,P-000600,INV-0007,OPEN,MEDIUM
FIR-000223,CR-2026-2016,2026-07-24 17:05:37,2026-07-23 18:05:37,CROSS_BORDER_TRADE,Fictional cross border trade incident tied to Synthetic Phone Fraud probe 16.,L-000023,"Bus Stand, Kanniyakumari",CEN-CRIME-UNIT-03,P-000010,P-001126,P-000964,INV-0011,CLOSED,HIGH
FIR-000224,CR-2026-2004,2026-04-07 12:12:25,2026-04-06 00:12:25,CROSS_BORDER_TRADE,Fictional cross border trade incident tied to Synthetic Cyber Fraud probe 04.,L-000052,"Bus Stand, Erode",EAST-INV-DIV,P-001133,P-000323,P-001371,INV-0154,OPEN,LOW
FIR-000225,CR-2026-2003,2026-08-05 14:28:35,2026-08-04 21:28:35,THEFT,Fictional theft incident tied to Synthetic Gold Smuggling probe 03.,L-000153,"University Road, Krishnagiri",CEN-CRIME-UNIT-02,P-001329,P-000635,P-001115,INV-0054,OPEN,CRITICAL
FIR-000226,CR-2026-2019,2026-05-10 18:13:49,2026-05-10 11:13:49,SMUGGLING,Fictional smuggling incident tied to Synthetic Financial Fraud probe 19.,L-000060,"Market Road, Salem",CYBER-CELL-01,P-001937,P-001073,P-000211,INV-0022,OPEN,MEDIUM
FIR-000227,CR-2026-2008,2026-02-14 16:08:14,2026-02-13 21:08:14,FINANCIAL_FRAUD,Fictional financial fraud incident tied to Synthetic Financial Fraud probe 08.,L-000024,"Bus Stand, Tiruchirappalli",CYBER-CELL-01,P-000056,P-000652,P-000548,INV-0091,CLOSED,HIGH
FIR-000228,CR-2026-2013,2026-03-29 17:10:00,2026-03-27 20:10:00,EXTORTION,Fictional extortion incident tied to Synthetic Narcotics probe 13.,L-000065,"Textile Market, Coimbatore",CEN-CRIME-UNIT-03,P-000894,P-001254,P-001663,INV-0142,CLOSED,HIGH
FIR-000229,CR-2026-2004,2026-01-27 16:42:19,2026-01-27 11:42:19,SMUGGLING,Fictional smuggling incident tied to Synthetic Cyber Fraud probe 04.,L-000091,"Industrial Estate, Nagapattinam",NARC-BUREAU-01,P-001788,P-001559,P-000319,INV-0082,OPEN,MEDIUM
FIR-000230,CR-2026-2001,2026-06-15 08:36:46,2026-06-12 23:36:46,RECOVERY_NOTICE,Fictional recovery notice incident tied to Synthetic Cyber Fraud probe 01.,L-000102,"Industrial Estate, Hosur",SOUTH-POL-SEC,P-000981,P-001346,P-001447,INV-0086,CLOSED,HIGH
FIR-000231,CR-2026-2011,2026-05-27 06:15:58,2026-05-26 10:15:58,THEFT,Fictional theft incident tied to Synthetic Narcotics probe 11.,L-000054,"Warehouse Zone, Cuddalore",CEN-CRIME-UNIT-01,P-000776,P-001759,P-001293,INV-0053,OPEN,CRITICAL
FIR-000232,CR-2026-2014,2026-01-24 04:51:26,2026-01-21 05:51:26,FRAUDULENT_TRANSFER,Fictional fraudulent transfer incident tied to Synthetic Logistics Crime probe 14.,L-000016,"University Road, Karur",CYBER-CELL-01,P-000697,P-001653,P-001747,INV-0146,CLOSED,MEDIUM
FIR-000233,CR-2026-2013,2026-05-21 09:19:35,2026-05-18 15:19:35,FINANCIAL_FRAUD,Fictional financial fraud incident tied to Synthetic Narcotics probe 13.,L-000082,"Highway Junction, Nagercoil",SOUTH-POL-SEC,P-000891,P-001040,P-000781,INV-0137,OPEN,HIGH
FIR-000234,CR-2026-2010,2026-01-15 06:55:38,2026-01-13 12:55:38,RECOVERY_NOTICE,Fictional recovery notice incident tied to Synthetic Vehicle Theft probe 10.,L-000051,"Port Area, Nagapattinam",CYBER-CELL-01,P-001625,P-001710,P-001685,INV-0068,CLOSED,HIGH
FIR-000235,CR-2026-2008,2026-04-12 18:26:29,2026-04-11 18:26:29,FINANCIAL_FRAUD,Fictional financial fraud incident tied to Synthetic Financial Fraud probe 08.,L-000020,"Residential Colony, Karur",NORTH-POL-SEC,P-001317,P-001535,P-001535,INV-0119,CLOSED,HIGH
FIR-000236,CR-2026-2006,2026-07-06 23:37:16,2026-07-05 17:37:16,THEFT,Fictional theft incident tied to Synthetic Logistics Crime probe 06.,L-000147,"Port Area, Tiruchirappalli",WEST-INV-DIV,P-000633,P-000656,P-000017,INV-0004,OPEN,MEDIUM
FIR-000237,CR-2026-2012,2026-05-05 21:07:01,2026-05-02 21:07:01,RECOVERY_NOTICE,Fictional recovery notice incident tied to Synthetic Illegal Trade probe 12.,L-000136,"Bus Stand, Dindigul",NORTH-POL-SEC,P-001951,P-001951,P-000760,INV-0076,OPEN,LOW
FIR-000238,CR-2026-2001,2026-08-10 18:49:35,2026-08-09 02:49:35,SMUGGLING,Fictional smuggling incident tied to Synthetic Cyber Fraud probe 01.,L-000020,"Residential Colony, Karur",NORTH-POL-SEC,P-000023,P-001447,P-001346,INV-0089,OPEN,HIGH
FIR-000239,CR-2026-2020,2026-07-03 09:38:49,2026-06-30 17:38:49,THEFT,Fictional theft incident tied to Synthetic Human Trafficking probe 20.,L-000151,"Warehouse Zone, Salem",SOUTH-POL-SEC,P-001933,P-001357,P-001337,INV-0133,OPEN,HIGH
FIR-000240,CR-2026-2007,2026-08-20 17:38:57,2026-08-19 09:38:57,FRAUDULENT_TRANSFER,Fictional fraudulent transfer incident tied to Synthetic Cyber Fraud probe 07.,L-000079,"Warehouse Zone, Salem",CYBER-CELL-01,P-001847,P-001718,P-001367,INV-0156,UNDER_REVIEW,HIGH
FIR-000241,CR-2026-2019,2026-06-14 14:54:27,2026-06-12 20:54:27,SMUGGLING,Fictional smuggling incident tied to Synthetic Financial Fraud probe 19.,L-000188,"Railway Station, Chennai",SOUTH-POL-SEC,P-001631,P-001949,P-001631,INV-0128,OPEN,CRITICAL
FIR-000242,CR-2026-2014,2026-04-09 12:48:03,2026-04-08 11:48:03,EXTORTION,Fictional extortion incident tied to Synthetic Logistics Crime probe 14.,L-000121,"Residential Colony, Nagercoil",NARC-BUREAU-01,P-001682,P-001298,P-000419,INV-0098,OPEN,MEDIUM
FIR-000243,CR-2026-2011,2026-08-28 03:35:17,2026-08-27 07:35:17,CROSS_BORDER_TRADE,Fictional cross border trade incident tied to Synthetic Narcotics probe 11.,L-000121,"Residential Colony, Nagercoil",CEN-CRIME-UNIT-03,P-001339,P-000260,P-001050,INV-0092,CLOSED,CRITICAL
FIR-000244,CR-2026-2015,2026-03-08 09:06:44,2026-03-08 00:06:44,EXTORTION,Fictional extortion incident tied to Synthetic Cyber Fraud probe 15.,L-000130,"Auto Nagar, Nagapattinam",FIN-CRIME-CELL,P-001773,P-001887,P-000875,INV-0041,OPEN,MEDIUM
FIR-000245,CR-2026-2011,2026-04-10 17:21:03,2026-04-09 18:21:03,EXTORTION,Fictional extortion incident tied to Synthetic Narcotics probe 11.,L-000078,"Technology Park, Nagercoil",EAST-INV-DIV,P-001293,P-000005,P-001293,INV-0142,UNDER_REVIEW,HIGH
FIR-000246,CR-2026-2005,2026-03-11 01:47:39,2026-03-08 15:47:39,EXTORTION,Fictional extortion incident tied to Synthetic Financial Fraud probe 05.,L-000056,"Warehouse Zone, Nagercoil",NARC-BUREAU-01,P-000187,P-001656,P-000843,INV-0150,CLOSED,CRITICAL
FIR-000247,CR-2026-2010,2026-01-11 12:44:38,2026-01-10 04:44:38,THEFT,Fictional theft incident tied to Synthetic Vehicle Theft probe 10.,L-000114,"Ring Road, Thanjavur",CEN-CRIME-UNIT-03,P-001281,P-001710,P-001685,INV-0115,CLOSED,MEDIUM
FIR-000248,CR-2026-2013,2026-08-12 14:51:16,2026-08-11 02:51:16,RECOVERY_NOTICE,Fictional recovery notice incident tied to Synthetic Narcotics probe 13.,L-000125,"Textile Market, Hosur",FIN-CRIME-CELL,P-000077,P-001933,P-001040,INV-0111,UNDER_REVIEW,MEDIUM
FIR-000249,CR-2026-2015,2026-03-08 03:57:11,2026-03-07 15:57:11,THEFT,Fictional theft incident tied to Synthetic Cyber Fraud probe 15.,L-000054,"Warehouse Zone, Cuddalore",SOUTH-POL-SEC,P-001790,P-000983,P-001773,INV-0086,CLOSED,HIGH
FIR-000250,CR-2026-2008,2026-06-09 21:00:15,2026-06-08 22:00:15,FRAUDULENT_TRANSFER,Fictional fraudulent transfer incident tied to Synthetic Financial Fraud probe 08.,L-000072,"Warehouse Zone, Erode",FIN-CRIME-CELL,P-000409,P-001317,P-000655,INV-0126,CLOSED,HIGH
FIR-000251,CR-2026-2003,2026-05-17 12:04:30,2026-05-15 11:04:30,FRAUDULENT_TRANSFER,Fictional fraudulent transfer incident tied to Synthetic Gold Smuggling probe 03.,L-000181,"Highway Junction, Chennai",FIN-CRIME-CELL,P-001826,P-001329,P-001115,INV-0018,OPEN,HIGH
FIR-000252,CR-2026-2012,2026-06-16 14:18:59,2026-06-14 16:18:59,ASSAULT,Fictional assault incident tied to Synthetic Illegal Trade probe 12.,L-000070,"Warehouse Zone, Thanjavur",WEST-INV-DIV,P-001382,P-000968,P-000428,INV-0146,UNDER_REVIEW,HIGH
FIR-000253,CR-2026-2002,2026-08-31 23:43:06,2026-08-29 09:43:06,EXTORTION,Fictional extortion incident tied to Synthetic Phone Fraud probe 02.,L-000038,"Bus Stand, Madurai",NORTH-POL-SEC,P-000554,P-001506,P-000352,INV-0132,CLOSED,MEDIUM
FIR-000254,CR-2026-2009,2026-03-26 03:52:03,2026-03-25 05:52:03,FINANCIAL_FRAUD,Fictional financial fraud incident tied to Synthetic Gold Smuggling probe 09.,L-000165,"Ring Road, Krishnagiri",CYBER-CELL-01,P-001101,P-000711,P-000073,INV-0136,OPEN,CRITICAL
FIR-000255,CR-2026-2003,2026-05-29 06:31:41,2026-05-28 18:31:41,CROSS_BORDER_TRADE,Fictional cross border trade incident tied to Synthetic Gold Smuggling probe 03.,L-000016,"University Road, Karur",CYBER-CELL-01,P-000205,P-001826,P-000205,INV-0151,OPEN,MEDIUM
FIR-000256,CR-2026-2009,2026-06-26 16:07:12,2026-06-26 07:07:12,FINANCIAL_FRAUD,Fictional financial fraud incident tied to Synthetic Gold Smuggling probe 09.,L-000023,"Bus Stand, Kanniyakumari",NORTH-POL-SEC,P-000475,P-000192,P-000073,INV-0070,CLOSED,HIGH
FIR-000257,CR-2026-2007,2026-08-05 12:34:31,2026-08-04 15:34:31,SMUGGLING,Fictional smuggling incident tied to Synthetic Cyber Fraud probe 07.,L-000185,"Bypass, Vellore",CEN-CRIME-UNIT-03,P-000192,P-001402,P-000115,INV-0124,OPEN,HIGH
FIR-000258,CR-2026-2019,2026-06-08 02:08:54,2026-06-05 20:08:54,CROSS_BORDER_TRADE,Fictional cross border trade incident tied to Synthetic Financial Fraud probe 19.,L-000144,"Technology Park, Nagapattinam",FIN-CRIME-CELL,P-000211,P-000984,P-001910,INV-0010,OPEN,HIGH
FIR-000259,CR-2026-2012,2026-04-07 13:33:11,2026-04-06 15:33:11,ASSAULT,Fictional assault incident tied to Synthetic Illegal Trade probe 12.,L-000012,"Bus Stand, Madurai",CEN-CRIME-UNIT-03,P-000968,P-001651,P-000472,INV-0073,OPEN,HIGH
FIR-000260,CR-2026-2017,2026-06-15 18:29:00,2026-06-14 00:29:00,CROSS_BORDER_TRADE,Fictional cross border trade incident tied to Synthetic Logistics Crime probe 17.,L-000096,"Warehouse Zone, Tiruchirappalli",CYBER-CELL-01,P-000824,P-001635,P-001366,INV-0073,OPEN,HIGH
FIR-000261,CR-2026-2001,2026-01-05 04:23:31,2026-01-03 05:23:31,CROSS_BORDER_TRADE,Fictional cross border trade incident tied to Synthetic Cyber Fraud probe 01.,L-000020,"Residential Colony, Karur",CEN-CRIME-UNIT-01,P-001997,P-000370,P-000464,INV-0029,UNDER_REVIEW,MEDIUM
FIR-000262,CR-2026-2004,2026-03-17 16:40:57,2026-03-16 05:40:57,CROSS_BORDER_TRADE,Fictional cross border trade incident tied to Synthetic Cyber Fraud probe 04.,L-000021,"Old Town, Coimbatore",CEN-CRIME-UNIT-01,P-001371,P-001747,P-001747,INV-0018,UNDER_REVIEW,MEDIUM
FIR-000263,CR-2026-2016,2026-03-31 21:21:24,2026-03-31 10:21:24,FRAUDULENT_TRANSFER,Fictional fraudulent transfer incident tied to Synthetic Phone Fraud probe 16.,L-000188,"Railway Station, Chennai",WEST-INV-DIV,P-001766,P-000673,P-000938,INV-0141,CLOSED,MEDIUM
FIR-000264,CR-2026-2004,2026-07-02 08:51:55,2026-07-01 14:51:55,ASSAULT,Fictional assault incident tied to Synthetic Cyber Fraud probe 04.,L-000021,"Old Town, Coimbatore",WEST-INV-DIV,P-000064,P-001788,P-000608,INV-0045,UNDER_REVIEW,HIGH
FIR-000265,CR-2026-2014,2026-01-20 04:59:43,2026-01-17 07:59:43,EXTORTION,Fictional extortion incident tied to Synthetic Logistics Crime probe 14.,L-000039,"Port Area, Dindigul",FIN-CRIME-CELL,P-001653,P-001183,P-001682,INV-0135,CLOSED,MEDIUM
FIR-000266,CR-2026-2016,2026-02-13 11:29:06,2026-02-12 07:29:06,ASSAULT,Fictional assault incident tied to Synthetic Phone Fraud probe 16.,L-000091,"Industrial Estate, Nagapattinam",CEN-CRIME-UNIT-01,P-001126,P-001231,P-000256,INV-0113,OPEN,LOW
FIR-000267,CR-2026-2008,2026-04-27 05:46:07,2026-04-25 21:46:07,CROSS_BORDER_TRADE,Fictional cross border trade incident tied to Synthetic Financial Fraud probe 08.,L-000018,"Bus Stand, Madurai",EAST-INV-DIV,P-001535,P-000786,P-000548,INV-0061,CLOSED,MEDIUM
FIR-000268,CR-2026-2017,2026-08-03 07:34:28,2026-08-02 17:34:28,THEFT,Fictional theft incident tied to Synthetic Logistics Crime probe 17.,L-000020,"Residential Colony, Karur",CEN-CRIME-UNIT-03,P-000435,P-000881,P-000435,INV-0082,OPEN,HIGH
FIR-000269,CR-2026-2012,2026-03-31 08:41:24,2026-03-29 00:41:24,FRAUDULENT_TRANSFER,Fictional fraudulent transfer incident tied to Synthetic Illegal Trade probe 12.,L-000181,"Highway Junction, Chennai",NARC-BUREAU-01,P-000615,P-000488,P-000428,INV-0037,CLOSED,MEDIUM
FIR-000270,CR-2026-2008,2026-02-12 11:03:44,2026-02-11 08:03:44,THEFT,Fictional theft incident tied to Synthetic Financial Fraud probe 08.,L-000021,"Old Town, Coimbatore",FIN-CRIME-CELL,P-001263,P-000056,P-001263,INV-0097,CLOSED,HIGH
FIR-000271,CR-2026-2015,2026-08-01 17:37:07,2026-07-30 20:37:07,RECOVERY_NOTICE,Fictional recovery notice incident tied to Synthetic Cyber Fraud probe 15.,L-000102,"Industrial Estate, Hosur",CEN-CRIME-UNIT-03,P-000017,P-001790,P-001240,INV-0063,OPEN,MEDIUM
FIR-000272,CR-2026-2010,2026-06-03 19:48:57,2026-06-02 17:48:57,FRAUDULENT_TRANSFER,Fictional fraudulent transfer incident tied to Synthetic Vehicle Theft probe 10.,L-000113,"Old Town, Tirunelveli",CEN-CRIME-UNIT-01,P-001273,P-001546,P-001685,INV-0071,CLOSED,HIGH
FIR-000273,CR-2026-2009,2026-03-22 10:46:39,2026-03-20 07:46:39,SMUGGLING,Fictional smuggling incident tied to Synthetic Gold Smuggling probe 09.,L-000016,"University Road, Karur",EAST-INV-DIV,P-000711,P-000782,P-000479,INV-0140,CLOSED,CRITICAL
FIR-000274,CR-2026-2013,2026-04-24 19:24:33,2026-04-22 23:24:33,ASSAULT,Fictional assault incident tied to Synthetic Narcotics probe 13.,L-000151,"Warehouse Zone, Salem",FIN-CRIME-CELL,P-001935,P-001933,P-001933,INV-0155,CLOSED,CRITICAL
FIR-000275,CR-2026-2017,2026-03-15 19:50:23,2026-03-14 21:50:23,SMUGGLING,Fictional smuggling incident tied to Synthetic Logistics Crime probe 17.,L-000001,"Old Town, Erode",CYBER-CELL-01,P-001322,P-001945,P-000697,INV-0002,UNDER_REVIEW,MEDIUM
FIR-000276,CR-2026-2008,2026-09-01 08:45:23,2026-08-30 10:45:23,EXTORTION,Fictional extortion incident tied to Synthetic Financial Fraud probe 08.,L-000003,"University Road, Erode",FIN-CRIME-CELL,P-000786,P-001263,P-000652,INV-0003,OPEN,MEDIUM
FIR-000277,CR-2026-2007,2026-05-03 18:46:00,2026-05-01 14:46:00,ASSAULT,Fictional assault incident tied to Synthetic Cyber Fraud probe 07.,L-000186,"Highway Junction, Nagapattinam",FIN-CRIME-CELL,P-001863,P-000666,P-000367,INV-0044,CLOSED,HIGH
FIR-000278,CR-2026-2005,2026-01-24 16:09:14,2026-01-23 20:09:14,CROSS_BORDER_TRADE,Fictional cross border trade incident tied to Synthetic Financial Fraud probe 05.,L-000128,"Grain Market, Erode",NORTH-POL-SEC,P-000187,P-001921,P-001545,INV-0003,OPEN,CRITICAL
FIR-000279,CR-2026-2004,2026-07-25 04:21:13,2026-07-23 23:21:13,RECOVERY_NOTICE,Fictional recovery notice incident tied to Synthetic Cyber Fraud probe 04.,L-000016,"University Road, Karur",EAST-INV-DIV,P-001991,P-000555,P-001133,INV-0124,UNDER_REVIEW,HIGH
FIR-000280,CR-2026-2007,2026-07-07 11:23:39,2026-07-05 09:23:39,SMUGGLING,Fictional smuggling incident tied to Synthetic Cyber Fraud probe 07.,L-000147,"Port Area, Tiruchirappalli",CEN-CRIME-UNIT-01,P-000666,P-000367,P-001762,INV-0049,OPEN,HIGH
FIR-000281,CR-2026-2003,2026-02-13 02:32:30,2026-02-10 06:32:30,RECOVERY_NOTICE,Fictional recovery notice incident tied to Synthetic Gold Smuggling probe 03.,L-000081,"Textile Market, Karur",CEN-CRIME-UNIT-03,P-000595,P-001620,P-000205,INV-0051,OPEN,MEDIUM
FIR-000282,CR-2026-2020,2026-04-04 20:46:40,2026-04-03 05:46:40,CROSS_BORDER_TRADE,Fictional cross border trade incident tied to Synthetic Human Trafficking probe 20.,L-000093,"Residential Colony, Krishnagiri",CEN-CRIME-UNIT-01,P-001035,P-001357,P-001406,INV-0082,UNDER_REVIEW,MEDIUM
FIR-000283,CR-2026-2001,2026-05-01 20:34:25,2026-04-30 13:34:25,ASSAULT,Fictional assault incident tied to Synthetic Cyber Fraud probe 01.,L-000134,"Technology Park, Salem",NORTH-POL-SEC,P-000464,P-000626,P-000464,INV-0146,OPEN,MEDIUM
FIR-000284,CR-2026-2011,2026-06-18 14:11:09,2026-06-17 14:11:09,EXTORTION,Fictional extortion incident tied to Synthetic Narcotics probe 11.,L-000091,"Industrial Estate, Nagapattinam",FIN-CRIME-CELL,P-001293,P-000260,P-000870,INV-0079,OPEN,HIGH
FIR-000285,CR-2026-2003,2026-08-20 06:48:21,2026-08-19 13:48:21,FRAUDULENT_TRANSFER,Fictional fraudulent transfer incident tied to Synthetic Gold Smuggling probe 03.,L-000096,"Warehouse Zone, Tiruchirappalli",EAST-INV-DIV,P-001329,P-001115,P-000595,INV-0038,CLOSED,MEDIUM
FIR-000286,CR-2026-2004,2026-01-09 19:31:06,2026-01-09 15:31:06,FINANCIAL_FRAUD,Fictional financial fraud incident tied to Synthetic Cyber Fraud probe 04.,L-000054,"Warehouse Zone, Cuddalore",FIN-CRIME-CELL,P-001133,P-000319,P-000608,INV-0025,OPEN,HIGH
FIR-000287,CR-2026-2013,2026-03-25 17:03:00,2026-03-22 22:03:00,SMUGGLING,Fictional smuggling incident tied to Synthetic Narcotics probe 13.,L-000008,"Bus Stand, Hosur",SOUTH-POL-SEC,P-001933,P-001499,P-000077,INV-0158,OPEN,CRITICAL
FIR-000288,CR-2026-2005,2026-04-14 15:42:47,2026-04-13 14:42:47,FINANCIAL_FRAUD,Fictional financial fraud incident tied to Synthetic Financial Fraud probe 05.,L-000054,"Warehouse Zone, Cuddalore",CEN-CRIME-UNIT-01,P-000719,P-001714,P-000754,INV-0129,CLOSED,CRITICAL
FIR-000289,CR-2026-2014,2026-02-16 09:01:03,2026-02-13 23:01:03,ASSAULT,Fictional assault incident tied to Synthetic Logistics Crime probe 14.,L-000092,"Old Town, Cuddalore",SOUTH-POL-SEC,P-001653,P-001072,P-000551,INV-0147,OPEN,MEDIUM
FIR-000290,CR-2026-2004,2026-03-13 15:04:34,2026-03-11 10:04:34,FINANCIAL_FRAUD,Fictional financial fraud incident tied to Synthetic Cyber Fraud probe 04.,L-000015,"SIPCOT, Kanniyakumari",EAST-INV-DIV,P-000555,P-000323,P-001371,INV-0151,CLOSED,HIGH
FIR-000291,CR-2026-2005,2026-05-11 11:45:39,2026-05-10 21:45:39,FRAUDULENT_TRANSFER,Fictional fraudulent transfer incident tied to Synthetic Financial Fraud probe 05.,L-000017,"Ring Road, Hosur",NARC-BUREAU-01,P-000631,P-001714,P-001231,INV-0145,UNDER_REVIEW,LOW
FIR-000292,CR-2026-2008,2026-05-10 21:33:44,2026-05-10 04:33:44,EXTORTION,Fictional extortion incident tied to Synthetic Financial Fraud probe 08.,L-000052,"Bus Stand, Erode",CEN-CRIME-UNIT-01,P-001317,P-000372,P-000652,INV-0122,OPEN,CRITICAL
FIR-000293,CR-2026-2011,2026-05-04 21:22:48,2026-05-03 09:22:48,FINANCIAL_FRAUD,Fictional financial fraud incident tied to Synthetic Narcotics probe 11.,L-000105,"Bypass, Tirunelveli",WEST-INV-DIV,P-000364,P-000364,P-001380,INV-0106,CLOSED,HIGH
FIR-000294,CR-2026-2008,2026-01-14 00:33:25,2026-01-13 18:33:25,ASSAULT,Fictional assault incident tied to Synthetic Financial Fraud probe 08.,L-000067,"Market Road, Nagercoil",FIN-CRIME-CELL,P-000372,P-000548,P-000655,INV-0132,OPEN,CRITICAL
FIR-000295,CR-2026-2017,2026-08-26 07:10:38,2026-08-24 11:10:38,FRAUDULENT_TRANSFER,Fictional fraudulent transfer incident tied to Synthetic Logistics Crime probe 17.,L-000036,"Port Area, Dindigul",EAST-INV-DIV,P-001042,P-001322,P-001366,INV-0036,OPEN,HIGH
FIR-000296,CR-2026-2012,2026-06-06 16:57:43,2026-06-05 10:57:43,EXTORTION,Fictional extortion incident tied to Synthetic Illegal Trade probe 12.,L-000197,"IT Park, Tirunelveli",WEST-INV-DIV,P-000528,P-000472,P-001382,INV-0088,OPEN,MEDIUM
FIR-000297,CR-2026-2012,2026-04-25 05:20:43,2026-04-24 17:20:43,EXTORTION,Fictional extortion incident tied to Synthetic Illegal Trade probe 12.,L-000130,"Auto Nagar, Nagapattinam",SOUTH-POL-SEC,P-000528,P-001104,P-000615,INV-0132,OPEN,HIGH
FIR-000298,CR-2026-2016,2026-03-06 05:12:33,2026-03-03 18:12:33,FRAUDULENT_TRANSFER,Fictional fraudulent transfer incident tied to Synthetic Phone Fraud probe 16.,L-000138,"Port Area, Madurai",WEST-INV-DIV,P-001766,P-000964,P-000197,INV-0130,OPEN,HIGH
FIR-000299,CR-2026-2019,2026-03-29 04:16:33,2026-03-27 21:16:33,FRAUDULENT_TRANSFER,Fictional fraudulent transfer incident tied to Synthetic Financial Fraud probe 19.,L-000038,"Bus Stand, Madurai",WEST-INV-DIV,P-000534,P-001949,P-000984,INV-0137,CLOSED,HIGH
FIR-000300,CR-2026-2020,2026-01-30 18:51:01,2026-01-28 17:51:01,ASSAULT,Fictional assault incident tied to Synthetic Human Trafficking probe 20.,L-000074,"IT Park, Chennai",CEN-CRIME-UNIT-03,P-000041,P-001817,P-001337,INV-0032,OPEN,LOW
FIR-000301,CR-2026-2010,2026-04-23 13:39:25,2026-04-20 17:39:25,FRAUDULENT_TRANSFER,Fictional fraudulent transfer incident tied to Synthetic Vehicle Theft probe 10.,L-000077,"Textile Market, Coimbatore",NORTH-POL-SEC,P-001387,P-001710,P-001710,INV-0099,UNDER_REVIEW,HIGH
FIR-000302,CR-2026-2010,2026-04-06 12:24:36,2026-04-03 17:24:36,EXTORTION,Fictional extortion incident tied to Synthetic Vehicle Theft probe 10.,L-000091,"Industrial Estate, Nagapattinam",CYBER-CELL-01,P-001281,P-000393,P-000134,INV-0053,OPEN,LOW
FIR-000303,CR-2026-2013,2026-01-17 16:18:44,2026-01-16 21:18:44,THEFT,Fictional theft incident tied to Synthetic Narcotics probe 13.,L-000052,"Bus Stand, Erode",CEN-CRIME-UNIT-03,P-000360,P-001490,P-001849,INV-0035,OPEN,MEDIUM
FIR-000304,CR-2026-2009,2026-04-01 06:54:09,2026-03-31 06:54:09,FRAUDULENT_TRANSFER,Fictional fraudulent transfer incident tied to Synthetic Gold Smuggling probe 09.,L-000131,"Warehouse Zone, Kanniyakumari",FIN-CRIME-CELL,P-000496,P-000360,P-000786,INV-0119,OPEN,MEDIUM
FIR-000305,CR-2026-2010,2026-03-29 11:33:38,2026-03-27 06:33:38,FINANCIAL_FRAUD,Fictional financial fraud incident tied to Synthetic Vehicle Theft probe 10.,L-000092,"Old Town, Cuddalore",EAST-INV-DIV,P-000034,P-001273,P-001712,INV-0017,CLOSED,HIGH
FIR-000306,CR-2026-2019,2026-02-10 21:15:07,2026-02-08 16:15:07,RECOVERY_NOTICE,Fictional recovery notice incident tied to Synthetic Financial Fraud probe 19.,L-000101,"Industrial Estate, Coimbatore",NARC-BUREAU-01,P-001636,P-001073,P-000211,INV-0036,OPEN,HIGH
FIR-000307,CR-2026-2016,2026-02-25 22:48:58,2026-02-24 23:48:58,THEFT,Fictional theft incident tied to Synthetic Phone Fraud probe 16.,L-000077,"Textile Market, Coimbatore",FIN-CRIME-CELL,P-001644,P-000530,P-000673,INV-0089,OPEN,HIGH
FIR-000308,CR-2026-2006,2026-05-11 11:33:30,2026-05-09 05:33:30,FINANCIAL_FRAUD,Fictional financial fraud incident tied to Synthetic Logistics Crime probe 06.,L-000044,"Old Town, Cuddalore",CEN-CRIME-UNIT-01,P-001180,P-000017,P-001644,INV-0132,OPEN,HIGH
FIR-000309,CR-2026-2007,2026-05-18 20:54:40,2026-05-16 09:54:40,FINANCIAL_FRAUD,Fictional financial fraud incident tied to Synthetic Cyber Fraud probe 07.,L-000090,"Warehouse Zone, Salem",WEST-INV-DIV,P-001298,P-001298,P-001689,INV-0049,OPEN,HIGH
FIR-000310,CR-2026-2011,2026-06-04 12:56:51,2026-06-01 19:56:51,THEFT,Fictional theft incident tied to Synthetic Narcotics probe 11.,L-000072,"Warehouse Zone, Erode",CEN-CRIME-UNIT-03,P-000603,P-001050,P-001050,INV-0023,UNDER_REVIEW,HIGH
FIR-000311,CR-2026-2013,2026-06-02 00:28:24,2026-05-31 12:28:24,FINANCIAL_FRAUD,Fictional financial fraud incident tied to Synthetic Narcotics probe 13.,L-000121,"Residential Colony, Nagercoil",CEN-CRIME-UNIT-03,P-001040,P-001271,P-000077,INV-0148,OPEN,HIGH
FIR-000312,CR-2026-2016,2026-03-24 06:47:46,2026-03-22 22:47:46,RECOVERY_NOTICE,Fictional recovery notice incident tied to Synthetic Phone Fraud probe 16.,L-000130,"Auto Nagar, Nagapattinam",FIN-CRIME-CELL,P-000938,P-000413,P-000530,INV-0013,OPEN,MEDIUM
FIR-000313,CR-2026-2004,2026-03-01 18:01:25,2026-02-26 21:01:25,CROSS_BORDER_TRADE,Fictional cross border trade incident tied to Synthetic Cyber Fraud probe 04.,L-000077,"Textile Market, Coimbatore",CYBER-CELL-01,P-001747,P-001747,P-001788,INV-0149,OPEN,HIGH
FIR-000314,CR-2026-2003,2026-07-13 16:35:14,2026-07-12 11:35:14,RECOVERY_NOTICE,Fictional recovery notice incident tied to Synthetic Gold Smuggling probe 03.,L-000091,"Industrial Estate, Nagapattinam",CEN-CRIME-UNIT-01,P-000635,P-001115,P-000193,INV-0023,CLOSED,MEDIUM
FIR-000315,CR-2026-2009,2026-03-29 04:52:56,2026-03-29 00:52:56,FRAUDULENT_TRANSFER,Fictional fraudulent transfer incident tied to Synthetic Gold Smuggling probe 09.,L-000012,"Bus Stand, Madurai",WEST-INV-DIV,P-001457,P-001588,P-000782,INV-0097,OPEN,MEDIUM
FIR-000316,CR-2026-2004,2026-02-19 13:28:35,2026-02-17 19:28:35,CROSS_BORDER_TRADE,Fictional cross border trade incident tied to Synthetic Cyber Fraud probe 04.,L-000095,"Port Area, Nagercoil",CEN-CRIME-UNIT-01,P-001991,P-001991,P-001559,INV-0146,OPEN,HIGH
FIR-000317,CR-2026-2013,2026-07-24 03:55:03,2026-07-22 10:55:03,SMUGGLING,Fictional smuggling incident tied to Synthetic Narcotics probe 13.,L-000114,"Ring Road, Thanjavur",CEN-CRIME-UNIT-03,P-000583,P-000891,P-000781,INV-0011,CLOSED,HIGH
FIR-000318,CR-2026-2008,2026-03-05 18:15:30,2026-03-04 12:15:30,THEFT,Fictional theft incident tied to Synthetic Financial Fraud probe 08.,L-000156,"Highway Junction, Hosur",NORTH-POL-SEC,P-001535,P-000548,P-001317,INV-0080,CLOSED,CRITICAL
FIR-000319,CR-2026-2006,2026-01-07 18:45:05,2026-01-05 05:45:05,CROSS_BORDER_TRADE,Fictional cross border trade incident tied to Synthetic Logistics Crime probe 06.,L-000130,"Auto Nagar, Nagapattinam",EAST-INV-DIV,P-000638,P-001507,P-000958,INV-0070,OPEN,HIGH
FIR-000320,CR-2026-2007,2026-08-25 10:01:21,2026-08-23 01:01:21,ASSAULT,Fictional assault incident tied to Synthetic Cyber Fraud probe 07.,L-000153,"University Road, Krishnagiri",CEN-CRIME-UNIT-02,P-001278,P-001847,P-000367,INV-0096,OPEN,HIGH
FIR-000321,CR-2026-2016,2026-01-04 23:28:57,2026-01-04 01:28:57,CROSS_BORDER_TRADE,Fictional cross border trade incident tied to Synthetic Phone Fraud probe 16.,L-000127,"Port Area, Tirunelveli",CEN-CRIME-UNIT-03,P-001766,P-000530,P-000256,INV-0069,CLOSED,MEDIUM
FIR-000322,CR-2026-2007,2026-01-23 23:52:59,2026-01-21 06:52:59,CROSS_BORDER_TRADE,Fictional cross border trade incident tied to Synthetic Cyber Fraud probe 07.,L-000091,"Industrial Estate, Nagapattinam",WEST-INV-DIV,P-001863,P-001684,P-000790,INV-0084,OPEN,HIGH
FIR-000323,CR-2026-2003,2026-08-19 07:43:36,2026-08-17 03:43:36,FINANCIAL_FRAUD,Fictional financial fraud incident tied to Synthetic Gold Smuggling probe 03.,L-000089,"Ring Road, Krishnagiri",CEN-CRIME-UNIT-01,P-000635,P-001329,P-000205,INV-0042,UNDER_REVIEW,CRITICAL
FIR-000324,CR-2026-2019,2026-01-16 11:27:12,2026-01-15 20:27:12,SMUGGLING,Fictional smuggling incident tied to Synthetic Financial Fraud probe 19.,L-000008,"Bus Stand, Hosur",CEN-CRIME-UNIT-01,P-000918,P-001631,P-001631,INV-0052,UNDER_REVIEW,MEDIUM
FIR-000325,CR-2026-2012,2026-06-06 13:05:56,2026-06-04 21:05:56,FINANCIAL_FRAUD,Fictional financial fraud incident tied to Synthetic Illegal Trade probe 12.,L-000142,"Warehouse Zone, Dindigul",CYBER-CELL-01,P-000615,P-000760,P-000968,INV-0022,UNDER_REVIEW,MEDIUM
FIR-000326,CR-2026-2013,2026-02-11 20:19:34,2026-02-11 15:19:34,ASSAULT,Fictional assault incident tied to Synthetic Narcotics probe 13.,L-000016,"University Road, Karur",WEST-INV-DIV,P-000891,P-000891,P-000522,INV-0130,OPEN,CRITICAL
FIR-000327,CR-2026-2011,2026-03-05 11:06:32,2026-03-03 01:06:32,FINANCIAL_FRAUD,Fictional financial fraud incident tied to Synthetic Narcotics probe 11.,L-000021,"Old Town, Coimbatore",CEN-CRIME-UNIT-03,P-001759,P-001050,P-000305,INV-0104,UNDER_REVIEW,MEDIUM
FIR-000328,CR-2026-2005,2026-09-02 07:06:45,2026-09-01 22:06:45,FRAUDULENT_TRANSFER,Fictional fraudulent transfer incident tied to Synthetic Financial Fraud probe 05.,L-000096,"Warehouse Zone, Tiruchirappalli",CEN-CRIME-UNIT-01,P-001437,P-001429,P-000719,INV-0105,UNDER_REVIEW,MEDIUM
FIR-000329,CR-2026-2016,2026-04-24 20:25:52,2026-04-23 15:25:52,EXTORTION,Fictional extortion incident tied to Synthetic Phone Fraud probe 16.,L-000189,"Industrial Estate, Nagapattinam",NARC-BUREAU-01,P-001231,P-000092,P-000830,INV-0110,CLOSED,MEDIUM
FIR-000330,CR-2026-2015,2026-05-17 13:16:31,2026-05-15 10:16:31,SMUGGLING,Fictional smuggling incident tied to Synthetic Cyber Fraud probe 15.,L-000012,"Bus Stand, Madurai",NARC-BUREAU-01,P-001801,P-001790,P-001853,INV-0135,CLOSED,HIGH
FIR-000331,CR-2026-2010,2026-06-23 20:13:19,2026-06-22 01:13:19,EXTORTION,Fictional extortion incident tied to Synthetic Vehicle Theft probe 10.,L-000165,"Ring Road, Krishnagiri",CEN-CRIME-UNIT-01,P-001710,P-001625,P-000034,INV-0114,OPEN,MEDIUM
FIR-000332,CR-2026-2004,2026-06-10 07:16:51,2026-06-08 06:16:51,FINANCIAL_FRAUD,Fictional financial fraud incident tied to Synthetic Cyber Fraud probe 04.,L-000158,"Railway Station, Krishnagiri",NARC-BUREAU-01,P-001371,P-000064,P-001420,INV-0076,CLOSED,HIGH
FIR-000333,CR-2026-2009,2026-05-06 23:51:14,2026-05-06 04:51:14,RECOVERY_NOTICE,Fictional recovery notice incident tied to Synthetic Gold Smuggling probe 09.,L-000130,"Auto Nagar, Nagapattinam",EAST-INV-DIV,P-000984,P-000984,P-000192,INV-0014,OPEN,CRITICAL
FIR-000334,CR-2026-2011,2026-05-29 23:08:22,2026-05-28 17:08:22,FRAUDULENT_TRANSFER,Fictional fraudulent transfer incident tied to Synthetic Narcotics probe 11.,L-000118,"Textile Market, Chennai",CEN-CRIME-UNIT-02,P-000870,P-000554,P-001526,INV-0107,OPEN,HIGH
FIR-000335,CR-2026-2019,2026-05-31 02:38:01,2026-05-28 16:38:01,EXTORTION,Fictional extortion incident tied to Synthetic Financial Fraud probe 19.,L-000167,"Old Town, Dindigul",SOUTH-POL-SEC,P-000690,P-001937,P-001073,INV-0123,CLOSED,MEDIUM
FIR-000336,CR-2026-2018,2026-08-01 04:16:57,2026-07-29 04:16:57,ASSAULT,Fictional assault incident tied to Synthetic Human Trafficking probe 18.,L-000151,"Warehouse Zone, Salem",NORTH-POL-SEC,P-000166,P-001752,P-000888,INV-0147,OPEN,CRITICAL
FIR-000337,CR-2026-2001,2026-06-23 16:38:09,2026-06-20 22:38:09,EXTORTION,Fictional extortion incident tied to Synthetic Cyber Fraud probe 01.,L-000107,"Warehouse Zone, Tirunelveli",CEN-CRIME-UNIT-01,P-000023,P-001997,P-000023,INV-0022,OPEN,CRITICAL
FIR-000338,CR-2026-2009,2026-02-09 10:50:58,2026-02-07 21:50:58,THEFT,Fictional theft incident tied to Synthetic Gold Smuggling probe 09.,L-000092,"Old Town, Cuddalore",CEN-CRIME-UNIT-03,P-001960,P-000783,P-000479,INV-0042,OPEN,HIGH
FIR-000339,CR-2026-2012,2026-07-01 00:55:45,2026-06-29 04:55:45,THEFT,Fictional theft incident tied to Synthetic Illegal Trade probe 12.,L-000052,"Bus Stand, Erode",NORTH-POL-SEC,P-001951,P-001060,P-000488,INV-0136,CLOSED,HIGH
FIR-000340,CR-2026-2013,2026-05-14 06:34:12,2026-05-13 07:34:12,FINANCIAL_FRAUD,Fictional financial fraud incident tied to Synthetic Narcotics probe 13.,L-000165,"Ring Road, Krishnagiri",SOUTH-POL-SEC,P-000583,P-001490,P-001490,INV-0122,CLOSED,HIGH
FIR-000341,CR-2026-2006,2026-03-11 11:24:11,2026-03-10 04:24:11,ASSAULT,Fictional assault incident tied to Synthetic Logistics Crime probe 06.,L-000014,"Auto Nagar, Nagapattinam",NORTH-POL-SEC,P-001448,P-001304,P-001507,INV-0088,OPEN,MEDIUM
FIR-000342,CR-2026-2011,2026-04-25 07:25:21,2026-04-23 10:25:21,CROSS_BORDER_TRADE,Fictional cross border trade incident tied to Synthetic Narcotics probe 11.,L-000008,"Bus Stand, Hosur",NORTH-POL-SEC,P-000603,P-000385,P-000005,INV-0081,CLOSED,CRITICAL
FIR-000343,CR-2026-2006,2026-07-12 22:40:52,2026-07-10 11:40:52,SMUGGLING,Fictional smuggling incident tied to Synthetic Logistics Crime probe 06.,L-000130,"Auto Nagar, Nagapattinam",NORTH-POL-SEC,P-000134,P-000017,P-000633,INV-0098,OPEN,CRITICAL
FIR-000344,CR-2026-2017,2026-07-28 19:48:29,2026-07-26 07:48:29,EXTORTION,Fictional extortion incident tied to Synthetic Logistics Crime probe 17.,L-000188,"Railway Station, Chennai",CEN-CRIME-UNIT-01,P-000922,P-000562,P-000697,INV-0020,OPEN,HIGH
FIR-000345,CR-2026-2011,2026-07-12 07:42:41,2026-07-10 21:42:41,SMUGGLING,Fictional smuggling incident tied to Synthetic Narcotics probe 11.,L-000012,"Bus Stand, Madurai",CEN-CRIME-UNIT-02,P-001050,P-001526,P-001526,INV-0045,OPEN,CRITICAL
FIR-000346,CR-2026-2017,2026-04-09 19:22:27,2026-04-09 00:22:27,EXTORTION,Fictional extortion incident tied to Synthetic Logistics Crime probe 17.,L-000091,"Industrial Estate, Nagapattinam",WEST-INV-DIV,P-001128,P-000562,P-001366,INV-0045,UNDER_REVIEW,HIGH
FIR-000347,CR-2026-2018,2026-07-02 06:56:56,2026-06-29 07:56:56,THEFT,Fictional theft incident tied to Synthetic Human Trafficking probe 18.,L-000188,"Railway Station, Chennai",CYBER-CELL-01,P-000936,P-001775,P-001769,INV-0051,OPEN,LOW
FIR-000348,CR-2026-2002,2026-04-05 10:39:54,2026-04-04 20:39:54,CROSS_BORDER_TRADE,Fictional cross border trade incident tied to Synthetic Phone Fraud probe 02.,L-000150,"Warehouse Zone, Coimbatore",CYBER-CELL-01,P-001503,P-001661,P-001869,INV-0071,UNDER_REVIEW,HIGH
FIR-000349,CR-2026-2017,2026-03-12 23:36:37,2026-03-11 02:36:37,FINANCIAL_FRAUD,Fictional financial fraud incident tied to Synthetic Logistics Crime probe 17.,L-000151,"Warehouse Zone, Salem",CEN-CRIME-UNIT-03,P-001972,P-000922,P-000697,INV-0124,CLOSED,CRITICAL
FIR-000350,CR-2026-2002,2026-08-02 22:25:56,2026-08-01 12:25:56,SMUGGLING,Fictional smuggling incident tied to Synthetic Phone Fraud probe 02.,L-000029,"Grain Market, Coimbatore",WEST-INV-DIV,P-001506,P-001380,P-001622,INV-0011,UNDER_REVIEW,MEDIUM
FIR-000351,CR-2026-2011,2026-01-04 20:13:03,2026-01-01 23:13:03,THEFT,Fictional theft incident tied to Synthetic Narcotics probe 11.,L-000097,"Technology Park, Coimbatore",FIN-CRIME-CELL,P-000005,P-000870,P-000870,INV-0009,CLOSED,CRITICAL
FIR-000352,CR-2026-2013,2026-05-21 17:09:48,2026-05-21 02:09:48,FINANCIAL_FRAUD,Fictional financial fraud incident tied to Synthetic Narcotics probe 13.,L-000025,"Textile Market, Nagapattinam",NARC-BUREAU-01,P-001849,P-001271,P-001933,INV-0128,OPEN,CRITICAL
FIR-000353,CR-2026-2010,2026-05-29 15:13:41,2026-05-26 22:13:41,FRAUDULENT_TRANSFER,Fictional fraudulent transfer incident tied to Synthetic Vehicle Theft probe 10.,L-000020,"Residential Colony, Karur",FIN-CRIME-CELL,P-001387,P-001710,P-001247,INV-0061,OPEN,HIGH
FIR-000354,CR-2026-2007,2026-03-06 07:22:13,2026-03-03 20:22:13,RECOVERY_NOTICE,Fictional recovery notice incident tied to Synthetic Cyber Fraud probe 07.,L-000052,"Bus Stand, Erode",NORTH-POL-SEC,P-001689,P-001762,P-000192,INV-0120,OPEN,MEDIUM
FIR-000355,CR-2026-2005,2026-08-27 21:11:14,2026-08-25 23:11:14,THEFT,Fictional theft incident tied to Synthetic Financial Fraud probe 05.,L-000103,"Industrial Estate, Erode",WEST-INV-DIV,P-000843,P-000015,P-001714,INV-0015,OPEN,MEDIUM
FIR-000356,CR-2026-2004,2026-06-02 03:11:57,2026-06-01 15:11:57,ASSAULT,Fictional assault incident tied to Synthetic Cyber Fraud probe 04.,L-000130,"Auto Nagar, Nagapattinam",CEN-CRIME-UNIT-03,P-000555,P-001420,P-000064,INV-0006,CLOSED,HIGH
FIR-000357,CR-2026-2020,2026-02-06 02:48:37,2026-02-05 02:48:37,EXTORTION,Fictional extortion incident tied to Synthetic Human Trafficking probe 20.,L-000077,"Textile Market, Coimbatore",SOUTH-POL-SEC,P-000001,P-001112,P-000886,INV-0064,CLOSED,HIGH
FIR-000358,CR-2026-2009,2026-08-22 09:01:38,2026-08-21 09:01:38,ASSAULT,Fictional assault incident tied to Synthetic Gold Smuggling probe 09.,L-000197,"IT Park, Tirunelveli",FIN-CRIME-CELL,P-000479,P-001457,P-001588,INV-0130,CLOSED,CRITICAL
FIR-000359,CR-2026-2019,2026-06-10 23:21:31,2026-06-10 04:21:31,RECOVERY_NOTICE,Fictional recovery notice incident tied to Synthetic Financial Fraud probe 19.,L-000055,"Grain Market, Thoothukudi",EAST-INV-DIV,P-000690,P-000804,P-001631,INV-0134,OPEN,MEDIUM
FIR-000360,CR-2026-2013,2026-08-24 23:12:34,2026-08-23 03:12:34,EXTORTION,Fictional extortion incident tied to Synthetic Narcotics probe 13.,L-000130,"Auto Nagar, Nagapattinam",CEN-CRIME-UNIT-03,P-000511,P-001590,P-001590,INV-0067,UNDER_REVIEW,MEDIUM
FIR-000361,CR-2026-2005,2026-08-07 20:07:08,2026-08-07 00:07:08,CROSS_BORDER_TRADE,Fictional cross border trade incident tied to Synthetic Financial Fraud probe 05.,L-000153,"University Road, Krishnagiri",CYBER-CELL-01,P-001429,P-001656,P-000015,INV-0022,CLOSED,MEDIUM
FIR-000362,CR-2026-2016,2026-07-06 17:03:22,2026-07-05 03:03:22,EXTORTION,Fictional extortion incident tied to Synthetic Phone Fraud probe 16.,L-000091,"Industrial Estate, Nagapattinam",CYBER-CELL-01,P-000092,P-001231,P-001126,INV-0096,CLOSED,CRITICAL
FIR-000363,CR-2026-2014,2026-04-09 04:37:58,2026-04-08 16:37:58,CROSS_BORDER_TRADE,Fictional cross border trade incident tied to Synthetic Logistics Crime probe 14.,L-000017,"Ring Road, Hosur",NARC-BUREAU-01,P-001146,P-001183,P-001851,INV-0028,OPEN,MEDIUM
FIR-000364,CR-2026-2020,2026-03-09 13:14:40,2026-03-09 02:14:40,CROSS_BORDER_TRADE,Fictional cross border trade incident tied to Synthetic Human Trafficking probe 20.,L-000130,"Auto Nagar, Nagapattinam",NORTH-POL-SEC,P-000694,P-000600,P-001112,INV-0033,UNDER_REVIEW,CRITICAL
FIR-000365,CR-2026-2020,2026-05-07 03:24:24,2026-05-06 15:24:24,FRAUDULENT_TRANSFER,Fictional fraudulent transfer incident tied to Synthetic Human Trafficking probe 20.,L-000079,"Warehouse Zone, Salem",NORTH-POL-SEC,P-001007,P-001357,P-000668,INV-0123,OPEN,HIGH
FIR-000366,CR-2026-2002,2026-02-16 19:48:04,2026-02-14 13:48:04,THEFT,Fictional theft incident tied to Synthetic Phone Fraud probe 02.,L-000200,"Grain Market, Coimbatore",FIN-CRIME-CELL,P-001076,P-001802,P-000379,INV-0076,OPEN,HIGH
FIR-000367,CR-2026-2014,2026-06-05 09:03:33,2026-06-03 13:03:33,FRAUDULENT_TRANSFER,Fictional fraudulent transfer incident tied to Synthetic Logistics Crime probe 14.,L-000147,"Port Area, Tiruchirappalli",CEN-CRIME-UNIT-02,P-001851,P-001273,P-001072,INV-0061,OPEN,MEDIUM
FIR-000368,CR-2026-2019,2026-07-31 12:54:15,2026-07-28 12:54:15,EXTORTION,Fictional extortion incident tied to Synthetic Financial Fraud probe 19.,L-000072,"Warehouse Zone, Erode",WEST-INV-DIV,P-000211,P-000690,P-000918,INV-0123,UNDER_REVIEW,HIGH
FIR-000369,CR-2026-2014,2026-02-18 00:39:26,2026-02-15 18:39:26,FRAUDULENT_TRANSFER,Fictional fraudulent transfer incident tied to Synthetic Logistics Crime probe 14.,L-000200,"Grain Market, Coimbatore",CEN-CRIME-UNIT-01,P-001273,P-001072,P-001183,INV-0149,OPEN,MEDIUM
FIR-000370,CR-2026-2009,2026-02-01 17:02:25,2026-02-01 01:02:25,THEFT,Fictional theft incident tied to Synthetic Gold Smuggling probe 09.,L-000016,"University Road, Karur",NARC-BUREAU-01,P-001229,P-001360,P-000783,INV-0136,UNDER_REVIEW,MEDIUM
FIR-000371,CR-2026-2009,2026-07-17 13:18:55,2026-07-15 13:18:55,FRAUDULENT_TRANSFER,Fictional fraudulent transfer incident tied to Synthetic Gold Smuggling probe 09.,L-000119,"SIPCOT, Krishnagiri",CEN-CRIME-UNIT-01,P-000786,P-000360,P-000479,INV-0115,UNDER_REVIEW,MEDIUM
FIR-000372,CR-2026-2011,2026-06-20 17:10:17,2026-06-19 00:10:17,ASSAULT,Fictional assault incident tied to Synthetic Narcotics probe 11.,L-000082,"Highway Junction, Nagercoil",WEST-INV-DIV,P-001339,P-000364,P-001339,INV-0097,CLOSED,MEDIUM
FIR-000373,CR-2026-2002,2026-07-07 16:01:47,2026-07-05 18:01:47,CROSS_BORDER_TRADE,Fictional cross border trade incident tied to Synthetic Phone Fraud probe 02.,L-000138,"Port Area, Madurai",CEN-CRIME-UNIT-02,P-001503,P-000471,P-000193,INV-0080,UNDER_REVIEW,HIGH
FIR-000374,CR-2026-2015,2026-01-16 06:36:22,2026-01-13 15:36:22,RECOVERY_NOTICE,Fictional recovery notice incident tied to Synthetic Cyber Fraud probe 15.,L-000192,"Bypass, Cuddalore",CEN-CRIME-UNIT-02,P-000865,P-001790,P-000983,INV-0118,UNDER_REVIEW,LOW
FIR-000375,CR-2026-2018,2026-02-14 02:09:36,2026-02-12 22:09:36,EXTORTION,Fictional extortion incident tied to Synthetic Human Trafficking probe 18.,L-000100,"Bypass, Cuddalore",FIN-CRIME-CELL,P-000902,P-000936,P-001769,INV-0128,UNDER_REVIEW,LOW
FIR-000376,CR-2026-2020,2026-04-09 02:21:13,2026-04-07 21:21:13,CROSS_BORDER_TRADE,Fictional cross border trade incident tied to Synthetic Human Trafficking probe 20.,L-000077,"Textile Market, Coimbatore",NARC-BUREAU-01,P-000866,P-001112,P-000600,INV-0144,OPEN,HIGH
FIR-000377,CR-2026-2019,2026-02-26 03:09:30,2026-02-23 10:09:30,EXTORTION,Fictional extortion incident tied to Synthetic Financial Fraud probe 19.,L-000076,"Bus Stand, Cuddalore",CEN-CRIME-UNIT-03,P-001948,P-001937,P-000690,INV-0080,OPEN,MEDIUM
FIR-000378,CR-2026-2008,2026-05-31 20:46:45,2026-05-30 20:46:45,SMUGGLING,Fictional smuggling incident tied to Synthetic Financial Fraud probe 08.,L-000034,"Technology Park, Erode",NARC-BUREAU-01,P-000655,P-000652,P-000372,INV-0051,UNDER_REVIEW,LOW
FIR-000379,CR-2026-2019,2026-02-19 02:46:01,2026-02-18 08:46:01,ASSAULT,Fictional assault incident tied to Synthetic Financial Fraud probe 19.,L-000150,"Warehouse Zone, Coimbatore",SOUTH-POL-SEC,P-001948,P-001467,P-000918,INV-0044,CLOSED,MEDIUM
FIR-000380,CR-2026-2012,2026-05-02 20:25:45,2026-05-01 09:25:45,FINANCIAL_FRAUD,Fictional financial fraud incident tied to Synthetic Illegal Trade probe 12.,L-000009,"Highway Junction, Krishnagiri",CEN-CRIME-UNIT-02,P-000210,P-000488,P-000472,INV-0032,UNDER_REVIEW,HIGH
FIR-000381,CR-2026-2009,2026-04-12 06:46:26,2026-04-09 08:46:26,THEFT,Fictional theft incident tied to Synthetic Gold Smuggling probe 09.,L-000190,"Residential Colony, Erode",NARC-BUREAU-01,P-000073,P-000344,P-001299,INV-0132,UNDER_REVIEW,MEDIUM
FIR-000382,CR-2026-2013,2026-03-21 01:51:07,2026-03-18 12:51:07,RECOVERY_NOTICE,Fictional recovery notice incident tied to Synthetic Narcotics probe 13.,L-000090,"Warehouse Zone, Salem",CYBER-CELL-01,P-000891,P-001271,P-001849,INV-0138,CLOSED,MEDIUM
FIR-000383,CR-2026-2008,2026-03-21 02:49:48,2026-03-19 22:49:48,FINANCIAL_FRAUD,Fictional financial fraud incident tied to Synthetic Financial Fraud probe 08.,L-000096,"Warehouse Zone, Tiruchirappalli",NORTH-POL-SEC,P-000655,P-000056,P-000652,INV-0070,OPEN,HIGH
FIR-000384,CR-2026-2017,2026-06-12 19:46:45,2026-06-10 23:46:45,CROSS_BORDER_TRADE,Fictional cross border trade incident tied to Synthetic Logistics Crime probe 17.,L-000026,"Bypass, Krishnagiri",WEST-INV-DIV,P-000881,P-000922,P-001635,INV-0136,OPEN,HIGH
FIR-000385,CR-2026-2009,2026-03-16 09:23:24,2026-03-13 18:23:24,FINANCIAL_FRAUD,Fictional financial fraud incident tied to Synthetic Gold Smuggling probe 09.,L-000065,"Textile Market, Coimbatore",NARC-BUREAU-01,P-000783,P-000984,P-000496,INV-0074,CLOSED,HIGH
FIR-000386,CR-2026-2011,2026-01-05 02:07:42,2026-01-03 11:07:42,FRAUDULENT_TRANSFER,Fictional fraudulent transfer incident tied to Synthetic Narcotics probe 11.,L-000057,"Warehouse Zone, Vellore",CYBER-CELL-01,P-000385,P-000305,P-000575,INV-0070,OPEN,HIGH
FIR-000387,CR-2026-2001,2026-02-23 15:13:49,2026-02-23 07:13:49,FINANCIAL_FRAUD,Fictional financial fraud incident tied to Synthetic Cyber Fraud probe 01.,L-000090,"Warehouse Zone, Salem",NARC-BUREAU-01,P-001346,P-001884,P-001346,INV-0025,UNDER_REVIEW,CRITICAL
FIR-000388,CR-2026-2012,2026-03-13 21:48:18,2026-03-11 20:48:18,FINANCIAL_FRAUD,Fictional financial fraud incident tied to Synthetic Illegal Trade probe 12.,L-000188,"Railway Station, Chennai",WEST-INV-DIV,P-001104,P-001951,P-001951,INV-0023,OPEN,MEDIUM
FIR-000389,CR-2026-2008,2026-08-23 06:47:51,2026-08-22 01:47:51,RECOVERY_NOTICE,Fictional recovery notice incident tied to Synthetic Financial Fraud probe 08.,L-000130,"Auto Nagar, Nagapattinam",NORTH-POL-SEC,P-000372,P-000655,P-000409,INV-0065,UNDER_REVIEW,MEDIUM
FIR-000390,CR-2026-2011,2026-08-19 02:29:18,2026-08-18 16:29:18,THEFT,Fictional theft incident tied to Synthetic Narcotics probe 11.,L-000188,"Railway Station, Chennai",SOUTH-POL-SEC,P-001526,P-000364,P-001050,INV-0008,OPEN,HIGH
FIR-000391,CR-2026-2013,2026-03-17 16:40:45,2026-03-15 21:40:45,FINANCIAL_FRAUD,Fictional financial fraud incident tied to Synthetic Narcotics probe 13.,L-000162,"Industrial Estate, Thoothukudi",CYBER-CELL-01,P-001040,P-000781,P-000742,INV-0060,UNDER_REVIEW,CRITICAL
FIR-000392,CR-2026-2020,2026-04-24 01:57:49,2026-04-23 12:57:49,FINANCIAL_FRAUD,Fictional financial fraud incident tied to Synthetic Human Trafficking probe 20.,L-000121,"Residential Colony, Nagercoil",NARC-BUREAU-01,P-000197,P-000886,P-001933,INV-0086,UNDER_REVIEW,HIGH
FIR-000393,CR-2026-2008,2026-01-26 22:23:28,2026-01-24 06:23:28,FRAUDULENT_TRANSFER,Fictional fraudulent transfer incident tied to Synthetic Financial Fraud probe 08.,L-000032,"Residential Colony, Nagapattinam",EAST-INV-DIV,P-000056,P-000548,P-000652,INV-0107,CLOSED,CRITICAL
FIR-000394,CR-2026-2016,2026-08-14 10:25:37,2026-08-12 14:25:37,ASSAULT,Fictional assault incident tied to Synthetic Phone Fraud probe 16.,L-000167,"Old Town, Dindigul",NORTH-POL-SEC,P-000413,P-000964,P-000530,INV-0145,UNDER_REVIEW,MEDIUM
FIR-000395,CR-2026-2020,2026-04-16 20:42:16,2026-04-15 05:42:16,FRAUDULENT_TRANSFER,Fictional fraudulent transfer incident tied to Synthetic Human Trafficking probe 20.,L-000108,"Auto Nagar, Thoothukudi",CEN-CRIME-UNIT-02,P-000668,P-000041,P-001153,INV-0054,OPEN,HIGH
FIR-000396,CR-2026-2007,2026-01-28 17:28:38,2026-01-27 14:28:38,SMUGGLING,Fictional smuggling incident tied to Synthetic Cyber Fraud probe 07.,L-000167,"Old Town, Dindigul",EAST-INV-DIV,P-001042,P-000790,P-000156,INV-0069,UNDER_REVIEW,HIGH
FIR-000397,CR-2026-2010,2026-07-29 20:46:15,2026-07-27 22:46:15,SMUGGLING,Fictional smuggling incident tied to Synthetic Vehicle Theft probe 10.,L-000071,"Port Area, Madurai",CEN-CRIME-UNIT-02,P-001281,P-001273,P-001712,INV-0103,OPEN,MEDIUM
FIR-000398,CR-2026-2012,2026-03-12 04:35:11,2026-03-10 23:35:11,FRAUDULENT_TRANSFER,Fictional fraudulent transfer incident tied to Synthetic Illegal Trade probe 12.,L-000167,"Old Town, Dindigul",NORTH-POL-SEC,P-000488,P-001060,P-000488,INV-0125,UNDER_REVIEW,HIGH
FIR-000399,CR-2026-2017,2026-06-22 22:09:46,2026-06-20 17:09:46,THEFT,Fictional theft incident tied to Synthetic Logistics Crime probe 17.,L-000130,"Auto Nagar, Nagapattinam",CYBER-CELL-01,P-001635,P-001366,P-001495,INV-0051,OPEN,CRITICAL
FIR-000400,CR-2026-2005,2026-08-04 11:39:56,2026-08-02 19:39:56,SMUGGLING,Fictional smuggling incident tied to Synthetic Financial Fraud probe 05.,L-000114,"Ring Road, Thanjavur",CEN-CRIME-UNIT-02,P-001437,P-001231,P-001231,INV-0101,CLOSED,MEDIUM
FIR-000401,CR-2026-2002,2026-06-01 17:31:36,2026-05-31 17:31:36,ASSAULT,Fictional assault incident tied to Synthetic Phone Fraud probe 02.,L-000058,"Bus Stand, Krishnagiri",CEN-CRIME-UNIT-02,P-000641,P-001802,P-001076,INV-0077,OPEN,CRITICAL
FIR-000402,CR-2026-2018,2026-01-29 05:54:23,2026-01-28 11:54:23,THEFT,Fictional theft incident tied to Synthetic Human Trafficking probe 18.,L-000015,"SIPCOT, Kanniyakumari",CEN-CRIME-UNIT-02,P-001197,P-001435,P-000046,INV-0010,OPEN,LOW
FIR-000403,CR-2026-2002,2026-01-08 16:24:37,2026-01-06 08:24:37,FINANCIAL_FRAUD,Fictional financial fraud incident tied to Synthetic Phone Fraud probe 02.,L-000188,"Railway Station, Chennai",NORTH-POL-SEC,P-001658,P-001479,P-000554,INV-0055,OPEN,HIGH
FIR-000404,CR-2026-2007,2026-08-12 01:04:24,2026-08-09 02:04:24,ASSAULT,Fictional assault incident tied to Synthetic Cyber Fraud probe 07.,L-000173,"Technology Park, Madurai",CEN-CRIME-UNIT-01,P-001689,P-001298,P-000115,INV-0006,UNDER_REVIEW,CRITICAL
FIR-000405,CR-2026-2011,2026-06-27 08:18:30,2026-06-25 00:18:30,SMUGGLING,Fictional smuggling incident tied to Synthetic Narcotics probe 11.,L-000057,"Warehouse Zone, Vellore",FIN-CRIME-CELL,P-001526,P-001526,P-000870,INV-0159,CLOSED,MEDIUM
FIR-000406,CR-2026-2019,2026-05-20 04:51:42,2026-05-17 07:51:42,ASSAULT,Fictional assault incident tied to Synthetic Financial Fraud probe 19.,L-000126,"Warehouse Zone, Thoothukudi",WEST-INV-DIV,P-001073,P-000534,P-001937,INV-0048,CLOSED,HIGH
FIR-000407,CR-2026-2012,2026-05-23 14:55:56,2026-05-22 23:55:56,SMUGGLING,Fictional smuggling incident tied to Synthetic Illegal Trade probe 12.,L-000021,"Old Town, Coimbatore",FIN-CRIME-CELL,P-000615,P-001239,P-000760,INV-0034,OPEN,MEDIUM
FIR-000408,CR-2026-2012,2026-01-10 16:02:58,2026-01-10 10:02:58,ASSAULT,Fictional assault incident tied to Synthetic Illegal Trade probe 12.,L-000091,"Industrial Estate, Nagapattinam",CEN-CRIME-UNIT-01,P-000210,P-001382,P-001060,INV-0117,UNDER_REVIEW,HIGH
FIR-000409,CR-2026-2012,2026-01-03 06:42:00,2026-01-01 17:42:00,ASSAULT,Fictional assault incident tied to Synthetic Illegal Trade probe 12.,L-000092,"Old Town, Cuddalore",WEST-INV-DIV,P-001382,P-000760,P-001239,INV-0020,OPEN,MEDIUM
FIR-000410,CR-2026-2016,2026-07-06 11:56:22,2026-07-03 20:56:22,EXTORTION,Fictional extortion incident tied to Synthetic Phone Fraud probe 16.,L-000035,"Highway Junction, Kanniyakumari",CEN-CRIME-UNIT-02,P-000661,P-000010,P-001720,INV-0056,OPEN,HIGH
FIR-000411,CR-2026-2018,2026-03-21 21:50:50,2026-03-19 19:50:50,CROSS_BORDER_TRADE,Fictional cross border trade incident tied to Synthetic Human Trafficking probe 18.,L-000175,"Port Area, Tiruchirappalli",CYBER-CELL-01,P-001775,P-001787,P-001436,INV-0115,CLOSED,CRITICAL
FIR-000412,CR-2026-2010,2026-05-07 14:33:04,2026-05-06 01:33:04,FINANCIAL_FRAUD,Fictional financial fraud incident tied to Synthetic Vehicle Theft probe 10.,L-000023,"Bus Stand, Kanniyakumari",CEN-CRIME-UNIT-03,P-001546,P-001247,P-000034,INV-0054,CLOSED,CRITICAL
FIR-000413,CR-2026-2004,2026-06-22 19:51:36,2026-06-21 14:51:36,EXTORTION,Fictional extortion incident tied to Synthetic Cyber Fraud probe 04.,L-000198,"Port Area, Krishnagiri",CEN-CRIME-UNIT-02,P-001133,P-001788,P-001991,INV-0089,OPEN,MEDIUM
FIR-000414,CR-2026-2014,2026-01-30 12:09:53,2026-01-27 17:09:53,RECOVERY_NOTICE,Fictional recovery notice incident tied to Synthetic Logistics Crime probe 14.,L-000160,"Industrial Estate, Thoothukudi",CEN-CRIME-UNIT-02,P-001766,P-000704,P-001706,INV-0029,CLOSED,MEDIUM
FIR-000415,CR-2026-2008,2026-03-21 09:22:33,2026-03-20 07:22:33,CROSS_BORDER_TRADE,Fictional cross border trade incident tied to Synthetic Financial Fraud probe 08.,L-000139,"Ring Road, Nagapattinam",CEN-CRIME-UNIT-01,P-000786,P-000409,P-000548,INV-0020,UNDER_REVIEW,HIGH
FIR-000416,CR-2026-2011,2026-01-08 17:26:56,2026-01-06 17:26:56,FRAUDULENT_TRANSFER,Fictional fraudulent transfer incident tied to Synthetic Narcotics probe 11.,L-000188,"Railway Station, Chennai",CEN-CRIME-UNIT-02,P-000260,P-001759,P-000305,INV-0136,OPEN,HIGH
FIR-000417,CR-2026-2005,2026-02-10 05:49:53,2026-02-09 00:49:53,THEFT,Fictional theft incident tied to Synthetic Financial Fraud probe 05.,L-000130,"Auto Nagar, Nagapattinam",NARC-BUREAU-01,P-001429,P-001656,P-000015,INV-0154,OPEN,MEDIUM
FIR-000418,CR-2026-2007,2026-09-02 20:48:10,2026-08-31 12:48:10,THEFT,Fictional theft incident tied to Synthetic Cyber Fraud probe 07.,L-000122,"Warehouse Zone, Chennai",WEST-INV-DIV,P-000790,P-001863,P-000666,INV-0126,UNDER_REVIEW,HIGH
FIR-000419,CR-2026-2018,2026-05-17 05:15:38,2026-05-16 05:15:38,THEFT,Fictional theft incident tied to Synthetic Human Trafficking probe 18.,L-000172,"Warehouse Zone, Chennai",SOUTH-POL-SEC,P-000046,P-000219,P-000529,INV-0110,OPEN,CRITICAL
FIR-000420,CR-2026-2002,2026-02-01 12:55:44,2026-01-30 11:55:44,ASSAULT,Fictional assault incident tied to Synthetic Phone Fraud probe 02.,L-000077,"Textile Market, Coimbatore",WEST-INV-DIV,P-000554,P-000471,P-001622,INV-0078,OPEN,HIGH
FIR-000421,CR-2026-2019,2026-01-11 12:40:23,2026-01-10 01:40:23,SMUGGLING,Fictional smuggling incident tied to Synthetic Financial Fraud probe 19.,L-000092,"Old Town, Cuddalore",SOUTH-POL-SEC,P-001949,P-001636,P-001631,INV-0072,UNDER_REVIEW,CRITICAL
FIR-000422,CR-2026-2006,2026-03-28 08:08:18,2026-03-27 07:08:18,FRAUDULENT_TRANSFER,Fictional fraudulent transfer incident tied to Synthetic Logistics Crime probe 06.,L-000037,"Port Area, Karur",CEN-CRIME-UNIT-01,P-001255,P-000080,P-001507,INV-0152,OPEN,MEDIUM
FIR-000423,CR-2026-2010,2026-06-22 17:13:56,2026-06-20 11:13:56,EXTORTION,Fictional extortion incident tied to Synthetic Vehicle Theft probe 10.,L-000147,"Port Area, Tiruchirappalli",EAST-INV-DIV,P-001273,P-000034,P-001546,INV-0072,OPEN,LOW
FIR-000424,CR-2026-2010,2026-04-29 06:24:34,2026-04-27 06:24:34,FRAUDULENT_TRANSFER,Fictional fraudulent transfer incident tied to Synthetic Vehicle Theft probe 10.,L-000121,"Residential Colony, Nagercoil",CYBER-CELL-01,P-001273,P-001603,P-000134,INV-0109,CLOSED,CRITICAL
FIR-000425,CR-2026-2009,2026-01-19 11:55:20,2026-01-17 06:55:20,EXTORTION,Fictional extortion incident tied to Synthetic Gold Smuggling probe 09.,L-000105,"Bypass, Tirunelveli",NARC-BUREAU-01,P-001101,P-000360,P-001299,INV-0152,CLOSED,MEDIUM
FIR-000426,CR-2026-2009,2026-07-26 01:34:08,2026-07-25 02:34:08,SMUGGLING,Fictional smuggling incident tied to Synthetic Gold Smuggling probe 09.,L-000133,"Old Town, Kanniyakumari",FIN-CRIME-CELL,P-000475,P-000711,P-000868,INV-0142,CLOSED,MEDIUM
FIR-000427,CR-2026-2012,2026-02-11 06:09:02,2026-02-11 00:09:02,RECOVERY_NOTICE,Fictional recovery notice incident tied to Synthetic Illegal Trade probe 12.,L-000072,"Warehouse Zone, Erode",CEN-CRIME-UNIT-02,P-000968,P-000472,P-001382,INV-0048,OPEN,CRITICAL
FIR-000428,CR-2026-2012,2026-02-28 09:37:31,2026-02-28 05:37:31,FRAUDULENT_TRANSFER,Fictional fraudulent transfer incident tied to Synthetic Illegal Trade probe 12.,L-000085,"Warehouse Zone, Thanjavur",CEN-CRIME-UNIT-03,P-001060,P-000968,P-000210,INV-0160,CLOSED,MEDIUM
FIR-000429,CR-2026-2002,2026-03-29 00:56:01,2026-03-28 16:56:01,THEFT,Fictional theft incident tied to Synthetic Phone Fraud probe 02.,L-000167,"Old Town, Dindigul",EAST-INV-DIV,P-000352,P-001658,P-000889,INV-0136,CLOSED,MEDIUM
FIR-000430,CR-2026-2014,2026-02-21 05:21:46,2026-02-20 11:21:46,RECOVERY_NOTICE,Fictional recovery notice incident tied to Synthetic Logistics Crime probe 14.,L-000082,"Highway Junction, Nagercoil",SOUTH-POL-SEC,P-001072,P-000551,P-000704,INV-0039,OPEN,HIGH
FIR-000431,CR-2026-2016,2026-01-26 01:25:59,2026-01-24 14:25:59,CROSS_BORDER_TRADE,Fictional cross border trade incident tied to Synthetic Phone Fraud probe 16.,L-000079,"Warehouse Zone, Salem",CEN-CRIME-UNIT-01,P-000010,P-001766,P-000256,INV-0012,OPEN,CRITICAL
FIR-000432,CR-2026-2004,2026-04-24 18:15:51,2026-04-22 09:15:51,THEFT,Fictional theft incident tied to Synthetic Cyber Fraud probe 04.,L-000191,"IT Park, Cuddalore",NORTH-POL-SEC,P-001559,P-000555,P-001369,INV-0011,CLOSED,CRITICAL
FIR-000433,CR-2026-2011,2026-04-12 17:12:36,2026-04-09 22:12:36,THEFT,Fictional theft incident tied to Synthetic Narcotics probe 11.,L-000035,"Highway Junction, Kanniyakumari",CEN-CRIME-UNIT-03,P-001380,P-000870,P-000385,INV-0084,OPEN,CRITICAL
FIR-000434,CR-2026-2007,2026-07-27 11:36:05,2026-07-26 02:36:05,RECOVERY_NOTICE,Fictional recovery notice incident tied to Synthetic Cyber Fraud probe 07.,L-000130,"Auto Nagar, Nagapattinam",CEN-CRIME-UNIT-03,P-001042,P-001402,P-001863,INV-0057,CLOSED,LOW
FIR-000435,CR-2026-2006,2026-08-27 23:52:58,2026-08-26 05:52:58,RECOVERY_NOTICE,Fictional recovery notice incident tied to Synthetic Logistics Crime probe 06.,L-000020,"Residential Colony, Karur",FIN-CRIME-CELL,P-000638,P-000720,P-000958,INV-0079,UNDER_REVIEW,CRITICAL
FIR-000436,CR-2026-2012,2026-07-06 17:42:11,2026-07-04 07:42:11,ASSAULT,Fictional assault incident tied to Synthetic Illegal Trade probe 12.,L-000006,"Bus Stand, Erode",CEN-CRIME-UNIT-02,P-000488,P-001651,P-000428,INV-0108,OPEN,MEDIUM
FIR-000437,CR-2026-2019,2026-03-04 20:28:35,2026-03-02 05:28:35,EXTORTION,Fictional extortion incident tied to Synthetic Financial Fraud probe 19.,L-000151,"Warehouse Zone, Salem",FIN-CRIME-CELL,P-000918,P-000804,P-001937,INV-0131,OPEN,HIGH
FIR-000438,CR-2026-2018,2026-03-13 21:22:20,2026-03-11 09:22:20,FRAUDULENT_TRANSFER,Fictional fraudulent transfer incident tied to Synthetic Human Trafficking probe 18.,L-000165,"Ring Road, Krishnagiri",CEN-CRIME-UNIT-02,P-001860,P-001273,P-000175,INV-0131,CLOSED,HIGH
FIR-000439,CR-2026-2016,2026-07-17 09:05:14,2026-07-14 22:05:14,RECOVERY_NOTICE,Fictional recovery notice incident tied to Synthetic Phone Fraud probe 16.,L-000147,"Port Area, Tiruchirappalli",CEN-CRIME-UNIT-03,P-001126,P-000256,P-001644,INV-0134,CLOSED,MEDIUM
FIR-000440,CR-2026-2003,2026-08-16 20:56:17,2026-08-16 10:56:17,RECOVERY_NOTICE,Fictional recovery notice incident tied to Synthetic Gold Smuggling probe 03.,L-000105,"Bypass, Tirunelveli",NARC-BUREAU-01,P-000595,P-000595,P-001826,INV-0037,OPEN,CRITICAL
FIR-000441,CR-2026-2013,2026-07-28 16:21:26,2026-07-27 12:21:26,RECOVERY_NOTICE,Fictional recovery notice incident tied to Synthetic Narcotics probe 13.,L-000148,"Highway Junction, Madurai",WEST-INV-DIV,P-001152,P-000511,P-001040,INV-0044,UNDER_REVIEW,HIGH
FIR-000442,CR-2026-2016,2026-08-27 18:52:18,2026-08-27 13:52:18,RECOVERY_NOTICE,Fictional recovery notice incident tied to Synthetic Phone Fraud probe 16.,L-000160,"Industrial Estate, Thoothukudi",FIN-CRIME-CELL,P-000661,P-000530,P-001231,INV-0140,CLOSED,MEDIUM
FIR-000443,CR-2026-2008,2026-07-29 19:05:10,2026-07-29 00:05:10,FINANCIAL_FRAUD,Fictional financial fraud incident tied to Synthetic Financial Fraud probe 08.,L-000012,"Bus Stand, Madurai",NORTH-POL-SEC,P-000786,P-000786,P-000056,INV-0134,CLOSED,HIGH
FIR-000444,CR-2026-2013,2026-02-22 15:33:15,2026-02-20 20:33:15,FINANCIAL_FRAUD,Fictional financial fraud incident tied to Synthetic Narcotics probe 13.,L-000023,"Bus Stand, Kanniyakumari",CEN-CRIME-UNIT-02,P-000742,P-001935,P-000781,INV-0096,UNDER_REVIEW,CRITICAL
FIR-000445,CR-2026-2019,2026-06-03 03:09:45,2026-05-31 23:09:45,CROSS_BORDER_TRADE,Fictional cross border trade incident tied to Synthetic Financial Fraud probe 19.,L-000072,"Warehouse Zone, Erode",CEN-CRIME-UNIT-03,P-001949,P-000690,P-001948,INV-0139,OPEN,HIGH
FIR-000446,CR-2026-2002,2026-04-16 01:56:15,2026-04-13 13:56:15,FRAUDULENT_TRANSFER,Fictional fraudulent transfer incident tied to Synthetic Phone Fraud probe 02.,L-000012,"Bus Stand, Madurai",FIN-CRIME-CELL,P-001743,P-001076,P-000379,INV-0101,OPEN,LOW
FIR-000447,CR-2026-2002,2026-06-22 20:54:50,2026-06-20 16:54:50,THEFT,Fictional theft incident tied to Synthetic Phone Fraud probe 02.,L-000194,"Industrial Estate, Nagercoil",FIN-CRIME-CELL,P-001661,P-001076,P-000379,INV-0042,CLOSED,HIGH
FIR-000448,CR-2026-2002,2026-02-12 14:25:00,2026-02-11 16:25:00,CROSS_BORDER_TRADE,Fictional cross border trade incident tied to Synthetic Phone Fraud probe 02.,L-000130,"Auto Nagar, Nagapattinam",CYBER-CELL-01,P-001936,P-000889,P-000641,INV-0092,UNDER_REVIEW,MEDIUM
FIR-000449,CR-2026-2001,2026-01-02 20:57:24,2026-01-01 20:57:24,FINANCIAL_FRAUD,Fictional financial fraud incident tied to Synthetic Cyber Fraud probe 01.,L-000016,"University Road, Karur",EAST-INV-DIV,P-001997,P-000626,P-001884,INV-0066,OPEN,LOW
FIR-000450,CR-2026-2017,2026-08-14 04:25:54,2026-08-11 18:25:54,FINANCIAL_FRAUD,Fictional financial fraud incident tied to Synthetic Logistics Crime probe 17.,L-000102,"Industrial Estate, Hosur",CEN-CRIME-UNIT-02,P-001972,P-001914,P-001366,INV-0060,OPEN,HIGH
FIR-000451,CR-2026-2019,2026-03-25 12:09:37,2026-03-25 07:09:37,RECOVERY_NOTICE,Fictional recovery notice incident tied to Synthetic Financial Fraud probe 19.,L-000200,"Grain Market, Coimbatore",NORTH-POL-SEC,P-000534,P-000984,P-000690,INV-0032,CLOSED,MEDIUM
FIR-000452,CR-2026-2005,2026-08-11 00:43:59,2026-08-08 02:43:59,FINANCIAL_FRAUD,Fictional financial fraud incident tied to Synthetic Financial Fraud probe 05.,L-000166,"Old Town, Thoothukudi",NORTH-POL-SEC,P-001921,P-001714,P-000900,INV-0083,CLOSED,HIGH
FIR-000453,CR-2026-2003,2026-04-11 01:18:24,2026-04-10 21:18:24,SMUGGLING,Fictional smuggling incident tied to Synthetic Gold Smuggling probe 03.,L-000151,"Warehouse Zone, Salem",SOUTH-POL-SEC,P-001329,P-001115,P-000193,INV-0065,OPEN,MEDIUM
FIR-000454,CR-2026-2012,2026-06-02 12:02:12,2026-06-01 07:02:12,ASSAULT,Fictional assault incident tied to Synthetic Illegal Trade probe 12.,L-000116,"Highway Junction, Vellore",WEST-INV-DIV,P-001104,P-000528,P-000428,INV-0010,OPEN,HIGH
FIR-000455,CR-2026-2011,2026-02-16 01:28:28,2026-02-13 22:28:28,FINANCIAL_FRAUD,Fictional financial fraud incident tied to Synthetic Narcotics probe 11.,L-000102,"Industrial Estate, Hosur",NORTH-POL-SEC,P-000364,P-000364,P-001293,INV-0020,UNDER_REVIEW,CRITICAL
FIR-000456,CR-2026-2014,2026-02-24 23:32:26,2026-02-23 06:32:26,CROSS_BORDER_TRADE,Fictional cross border trade incident tied to Synthetic Logistics Crime probe 14.,L-000165,"Ring Road, Krishnagiri",FIN-CRIME-CELL,P-001706,P-000712,P-001183,INV-0057,CLOSED,HIGH
FIR-000457,CR-2026-2001,2026-05-25 17:38:47,2026-05-25 13:38:47,ASSAULT,Fictional assault incident tied to Synthetic Cyber Fraud probe 01.,L-000160,"Industrial Estate, Thoothukudi",EAST-INV-DIV,P-000248,P-000023,P-001346,INV-0078,OPEN,MEDIUM
FIR-000458,CR-2026-2001,2026-04-27 16:14:30,2026-04-25 18:14:30,SMUGGLING,Fictional smuggling incident tied to Synthetic Cyber Fraud probe 01.,L-000089,"Ring Road, Krishnagiri",NORTH-POL-SEC,P-001997,P-000602,P-000602,INV-0119,UNDER_REVIEW,CRITICAL
FIR-000459,CR-2026-2009,2026-02-17 19:33:35,2026-02-16 01:33:35,THEFT,Fictional theft incident tied to Synthetic Gold Smuggling probe 09.,L-000052,"Bus Stand, Erode",NORTH-POL-SEC,P-000782,P-000192,P-000868,INV-0062,CLOSED,HIGH
FIR-000460,CR-2026-2005,2026-05-11 05:05:04,2026-05-08 21:05:04,THEFT,Fictional theft incident tied to Synthetic Financial Fraud probe 05.,L-000009,"Highway Junction, Krishnagiri",WEST-INV-DIV,P-000843,P-000015,P-000631,INV-0114,OPEN,HIGH
FIR-000461,CR-2026-2013,2026-05-23 23:05:36,2026-05-22 01:05:36,ASSAULT,Fictional assault incident tied to Synthetic Narcotics probe 13.,L-000020,"Residential Colony, Karur",CEN-CRIME-UNIT-01,P-001152,P-001254,P-001933,INV-0123,OPEN,HIGH
FIR-000462,CR-2026-2011,2026-02-03 17:23:59,2026-01-31 23:23:59,RECOVERY_NOTICE,Fictional recovery notice incident tied to Synthetic Narcotics probe 11.,L-000052,"Bus Stand, Erode",CEN-CRIME-UNIT-03,P-000603,P-001759,P-000575,INV-0097,OPEN,MEDIUM
FIR-000463,CR-2026-2017,2026-05-04 15:06:12,2026-05-01 23:06:12,RECOVERY_NOTICE,Fictional recovery notice incident tied to Synthetic Logistics Crime probe 17.,L-000173,"Technology Park, Madurai",WEST-INV-DIV,P-000563,P-001042,P-001322,INV-0153,CLOSED,HIGH
FIR-000464,CR-2026-2016,2026-03-10 14:19:25,2026-03-10 01:19:25,THEFT,Fictional theft incident tied to Synthetic Phone Fraud probe 16.,L-000102,"Industrial Estate, Hosur",CEN-CRIME-UNIT-03,P-000413,P-001720,P-000430,INV-0126,CLOSED,HIGH
FIR-000465,CR-2026-2002,2026-08-21 20:39:40,2026-08-20 10:39:40,FRAUDULENT_TRANSFER,Fictional fraudulent transfer incident tied to Synthetic Phone Fraud probe 02.,L-000091,"Industrial Estate, Nagapattinam",CYBER-CELL-01,P-000889,P-000641,P-001622,INV-0133,OPEN,MEDIUM
FIR-000466,CR-2026-2015,2026-03-08 21:02:59,2026-03-06 07:02:59,FINANCIAL_FRAUD,Fictional financial fraud incident tied to Synthetic Cyber Fraud probe 15.,L-000104,"Bypass, Tiruchirappalli",CYBER-CELL-01,P-001653,P-001967,P-001653,INV-0024,CLOSED,MEDIUM
FIR-000467,CR-2026-2011,2026-01-15 13:27:00,2026-01-14 17:27:00,ASSAULT,Fictional assault incident tied to Synthetic Narcotics probe 11.,L-000103,"Industrial Estate, Erode",EAST-INV-DIV,P-000603,P-000776,P-001759,INV-0027,CLOSED,HIGH
FIR-000468,CR-2026-2001,2026-07-27 13:05:41,2026-07-25 17:05:41,EXTORTION,Fictional extortion incident tied to Synthetic Cyber Fraud probe 01.,L-000125,"Textile Market, Hosur",FIN-CRIME-CELL,P-000602,P-001997,P-000602,INV-0096,UNDER_REVIEW,HIGH
FIR-000469,CR-2026-2005,2026-03-09 06:48:16,2026-03-06 16:48:16,THEFT,Fictional theft incident tied to Synthetic Financial Fraud probe 05.,L-000165,"Ring Road, Krishnagiri",CYBER-CELL-01,P-001545,P-001714,P-001437,INV-0090,OPEN,HIGH
FIR-000470,CR-2026-2004,2026-07-22 19:34:14,2026-07-20 13:34:14,RECOVERY_NOTICE,Fictional recovery notice incident tied to Synthetic Cyber Fraud probe 04.,L-000154,"Bypass, Cuddalore",CEN-CRIME-UNIT-03,P-001788,P-000064,P-000064,INV-0006,UNDER_REVIEW,HIGH
FIR-000471,CR-2026-2013,2026-03-28 14:43:12,2026-03-27 04:43:12,RECOVERY_NOTICE,Fictional recovery notice incident tied to Synthetic Narcotics probe 13.,L-000121,"Residential Colony, Nagercoil",CEN-CRIME-UNIT-01,P-000362,P-001663,P-001656,INV-0104,OPEN,HIGH
FIR-000472,CR-2026-2014,2026-05-22 18:01:58,2026-05-21 23:01:58,THEFT,Fictional theft incident tied to Synthetic Logistics Crime probe 14.,L-000012,"Bus Stand, Madurai",CEN-CRIME-UNIT-03,P-000043,P-000419,P-001917,INV-0158,CLOSED,HIGH
FIR-000473,CR-2026-2020,2026-07-04 22:22:44,2026-07-02 15:22:44,THEFT,Fictional theft incident tied to Synthetic Human Trafficking probe 20.,L-000067,"Market Road, Nagercoil",NARC-BUREAU-01,P-000041,P-000600,P-001817,INV-0159,UNDER_REVIEW,HIGH
FIR-000474,CR-2026-2016,2026-04-02 09:18:10,2026-04-01 10:18:10,FRAUDULENT_TRANSFER,Fictional fraudulent transfer incident tied to Synthetic Phone Fraud probe 16.,L-000160,"Industrial Estate, Thoothukudi",CEN-CRIME-UNIT-01,P-001231,P-001644,P-000530,INV-0084,OPEN,CRITICAL
FIR-000475,CR-2026-2018,2026-01-05 11:00:44,2026-01-03 18:00:44,FINANCIAL_FRAUD,Fictional financial fraud incident tied to Synthetic Human Trafficking probe 18.,L-000090,"Warehouse Zone, Salem",SOUTH-POL-SEC,P-000936,P-000106,P-000837,INV-0056,OPEN,CRITICAL
FIR-000476,CR-2026-2015,2026-07-16 00:11:28,2026-07-15 08:11:28,SMUGGLING,Fictional smuggling incident tied to Synthetic Cyber Fraud probe 15.,L-000007,"Ring Road, Krishnagiri",SOUTH-POL-SEC,P-000983,P-000983,P-001653,INV-0070,OPEN,MEDIUM
FIR-000477,CR-2026-2007,2026-04-08 04:30:26,2026-04-07 21:30:26,RECOVERY_NOTICE,Fictional recovery notice incident tied to Synthetic Cyber Fraud probe 07.,L-000117,"University Road, Dindigul",NORTH-POL-SEC,P-001298,P-001718,P-000115,INV-0113,OPEN,HIGH
FIR-000478,CR-2026-2001,2026-08-06 00:30:39,2026-08-04 06:30:39,THEFT,Fictional theft incident tied to Synthetic Cyber Fraud probe 01.,L-000100,"Bypass, Cuddalore",WEST-INV-DIV,P-000464,P-000370,P-000248,INV-0056,OPEN,HIGH
FIR-000479,CR-2026-2005,2026-06-17 00:30:18,2026-06-15 10:30:18,ASSAULT,Fictional assault incident tied to Synthetic Financial Fraud probe 05.,L-000029,"Grain Market, Coimbatore",FIN-CRIME-CELL,P-000719,P-001714,P-001231,INV-0148,OPEN,HIGH
FIR-000480,CR-2026-2020,2026-01-20 18:30:23,2026-01-19 15:30:23,ASSAULT,Fictional assault incident tied to Synthetic Human Trafficking probe 20.,L-000102,"Industrial Estate, Hosur",FIN-CRIME-CELL,P-001337,P-001153,P-001817,INV-0035,OPEN,MEDIUM
FIR-000481,CR-2026-2003,2026-04-03 22:17:03,2026-04-02 21:17:03,EXTORTION,Fictional extortion incident tied to Synthetic Gold Smuggling probe 03.,L-000160,"Industrial Estate, Thoothukudi",CEN-CRIME-UNIT-01,P-001620,P-001620,P-000635,INV-0141,OPEN,HIGH
FIR-000482,CR-2026-2018,2026-06-29 05:54:08,2026-06-28 05:54:08,RECOVERY_NOTICE,Fictional recovery notice incident tied to Synthetic Human Trafficking probe 18.,L-000070,"Warehouse Zone, Thanjavur",EAST-INV-DIV,P-000535,P-001775,P-001734,INV-0101,UNDER_REVIEW,HIGH
FIR-000483,CR-2026-2015,2026-05-12 15:30:38,2026-05-10 20:30:38,ASSAULT,Fictional assault incident tied to Synthetic Cyber Fraud probe 15.,L-000092,"Old Town, Cuddalore",CEN-CRIME-UNIT-01,P-001773,P-001887,P-000017,INV-0158,OPEN,HIGH
FIR-000484,CR-2026-2004,2026-07-29 16:45:20,2026-07-28 15:45:20,RECOVERY_NOTICE,Fictional recovery notice incident tied to Synthetic Cyber Fraud probe 04.,L-000020,"Residential Colony, Karur",EAST-INV-DIV,P-001788,P-000064,P-001369,INV-0099,CLOSED,MEDIUM
FIR-000485,CR-2026-2020,2026-06-04 20:48:08,2026-06-04 06:48:08,THEFT,Fictional theft incident tied to Synthetic Human Trafficking probe 20.,L-000012,"Bus Stand, Madurai",CEN-CRIME-UNIT-02,P-001817,P-000886,P-001357,INV-0051,CLOSED,CRITICAL
FIR-000486,CR-2026-2020,2026-02-12 15:39:40,2026-02-10 11:39:40,FRAUDULENT_TRANSFER,Fictional fraudulent transfer incident tied to Synthetic Human Trafficking probe 20.,L-000072,"Warehouse Zone, Erode",CEN-CRIME-UNIT-02,P-001112,P-001406,P-000668,INV-0113,OPEN,HIGH
FIR-000487,CR-2026-2002,2026-04-18 14:14:10,2026-04-16 13:14:10,FINANCIAL_FRAUD,Fictional financial fraud incident tied to Synthetic Phone Fraud probe 02.,L-000062,"Port Area, Chennai",SOUTH-POL-SEC,P-001324,P-000193,P-000352,INV-0061,CLOSED,CRITICAL
FIR-000488,CR-2026-2013,2026-05-02 01:25:56,2026-05-01 06:25:56,ASSAULT,Fictional assault incident tied to Synthetic Narcotics probe 13.,L-000115,"Port Area, Vellore",SOUTH-POL-SEC,P-001254,P-000522,P-001490,INV-0034,UNDER_REVIEW,HIGH
FIR-000489,CR-2026-2006,2026-02-06 18:24:02,2026-02-05 12:24:02,RECOVERY_NOTICE,Fictional recovery notice incident tied to Synthetic Logistics Crime probe 06.,L-000118,"Textile Market, Chennai",CYBER-CELL-01,P-001448,P-001304,P-000080,INV-0073,OPEN,MEDIUM
FIR-000490,CR-2026-2004,2026-04-13 03:26:28,2026-04-11 16:26:28,FRAUDULENT_TRANSFER,Fictional fraudulent transfer incident tied to Synthetic Cyber Fraud probe 04.,L-000153,"University Road, Krishnagiri",CEN-CRIME-UNIT-02,P-001788,P-001559,P-001559,INV-0108,UNDER_REVIEW,HIGH
FIR-000491,CR-2026-2005,2026-04-04 14:32:48,2026-04-03 01:32:48,EXTORTION,Fictional extortion incident tied to Synthetic Financial Fraud probe 05.,L-000076,"Bus Stand, Cuddalore",NARC-BUREAU-01,P-000631,P-001714,P-001545,INV-0129,UNDER_REVIEW,HIGH
FIR-000492,CR-2026-2002,2026-08-29 11:37:03,2026-08-29 06:37:03,FRAUDULENT_TRANSFER,Fictional fraudulent transfer incident tied to Synthetic Phone Fraud probe 02.,L-000114,"Ring Road, Thanjavur",CEN-CRIME-UNIT-01,P-001661,P-000126,P-000352,INV-0006,CLOSED,MEDIUM
FIR-000493,CR-2026-2010,2026-07-11 07:46:58,2026-07-10 02:46:58,ASSAULT,Fictional assault incident tied to Synthetic Vehicle Theft probe 10.,L-000130,"Auto Nagar, Nagapattinam",NORTH-POL-SEC,P-001710,P-001625,P-001625,INV-0091,CLOSED,CRITICAL
FIR-000494,CR-2026-2019,2026-08-17 22:24:48,2026-08-16 16:24:48,FRAUDULENT_TRANSFER,Fictional fraudulent transfer incident tied to Synthetic Financial Fraud probe 19.,L-000034,"Technology Park, Erode",NORTH-POL-SEC,P-001949,P-000984,P-001910,INV-0114,OPEN,HIGH
FIR-000495,CR-2026-2016,2026-07-24 02:08:19,2026-07-21 06:08:19,EXTORTION,Fictional extortion incident tied to Synthetic Phone Fraud probe 16.,L-000082,"Highway Junction, Nagercoil",CEN-CRIME-UNIT-02,P-000938,P-001072,P-000530,INV-0150,CLOSED,LOW
FIR-000496,CR-2026-2015,2026-04-20 04:55:30,2026-04-19 16:55:30,CROSS_BORDER_TRADE,Fictional cross border trade incident tied to Synthetic Cyber Fraud probe 15.,L-000021,"Old Town, Coimbatore",NORTH-POL-SEC,P-000875,P-000983,P-001166,INV-0135,OPEN,MEDIUM
FIR-000497,CR-2026-2001,2026-06-11 09:18:16,2026-06-10 09:18:16,SMUGGLING,Fictional smuggling incident tied to Synthetic Cyber Fraud probe 01.,L-000167,"Old Town, Dindigul",CEN-CRIME-UNIT-03,P-000602,P-000626,P-001447,INV-0001,CLOSED,MEDIUM
FIR-000498,CR-2026-2001,2026-07-02 03:41:37,2026-06-29 10:41:37,ASSAULT,Fictional assault incident tied to Synthetic Cyber Fraud probe 01.,L-000102,"Industrial Estate, Hosur",CEN-CRIME-UNIT-02,P-000023,P-000602,P-000602,INV-0099,UNDER_REVIEW,MEDIUM
FIR-000499,CR-2026-2006,2026-01-07 05:52:52,2026-01-06 03:52:52,CROSS_BORDER_TRADE,Fictional cross border trade incident tied to Synthetic Logistics Crime probe 06.,L-000181,"Highway Junction, Chennai",CEN-CRIME-UNIT-01,P-001055,P-001272,P-000080,INV-0141,OPEN,MEDIUM
FIR-000500,CR-2026-2010,2026-02-25 02:40:19,2026-02-22 21:40:19,SMUGGLING,Fictional smuggling incident tied to Synthetic Vehicle Theft probe 10.,L-000200,"Grain Market, Coimbatore",CEN-CRIME-UNIT-03,P-001247,P-001247,P-001712,INV-0001,CLOSED,MEDIUM
FIR-000501,CR-2026-2010,2026-08-26 19:00:22,2026-08-25 01:00:22,ASSAULT,Fictional assault incident tied to Synthetic Vehicle Theft probe 10.,L-000195,"Highway Junction, Karur",CEN-CRIME-UNIT-03,P-000034,P-000034,P-001603,INV-0046,UNDER_REVIEW,MEDIUM
FIR-000502,CR-2026-2001,2026-07-31 10:26:42,2026-07-29 13:26:42,RECOVERY_NOTICE,Fictional recovery notice incident tied to Synthetic Cyber Fraud probe 01.,L-000178,"Bus Stand, Karur",NORTH-POL-SEC,P-001997,P-000626,P-000981,INV-0121,OPEN,HIGH
FIR-000503,CR-2026-2014,2026-06-29 06:47:44,2026-06-27 08:47:44,ASSAULT,Fictional assault incident tied to Synthetic Logistics Crime probe 14.,L-000160,"Industrial Estate, Thoothukudi",CEN-CRIME-UNIT-03,P-001146,P-000419,P-001682,INV-0042,UNDER_REVIEW,HIGH
FIR-000504,CR-2026-2006,2026-05-03 08:02:56,2026-05-01 16:02:56,THEFT,Fictional theft incident tied to Synthetic Logistics Crime probe 06.,L-000138,"Port Area, Madurai",FIN-CRIME-CELL,P-000656,P-001702,P-001644,INV-0014,CLOSED,CRITICAL
FIR-000505,CR-2026-2013,2026-07-30 07:15:38,2026-07-27 19:15:38,THEFT,Fictional theft incident tied to Synthetic Narcotics probe 13.,L-000147,"Port Area, Tiruchirappalli",NARC-BUREAU-01,P-000894,P-001933,P-001040,INV-0038,UNDER_REVIEW,MEDIUM
FIR-000506,CR-2026-2020,2026-06-04 18:33:37,2026-06-03 14:33:37,THEFT,Fictional theft incident tied to Synthetic Human Trafficking probe 20.,L-000001,"Old Town, Erode",NORTH-POL-SEC,P-001357,P-001817,P-000001,INV-0086,OPEN,HIGH
FIR-000507,CR-2026-2020,2026-06-16 02:55:54,2026-06-13 14:55:54,THEFT,Fictional theft incident tied to Synthetic Human Trafficking probe 20.,L-000126,"Warehouse Zone, Thoothukudi",CEN-CRIME-UNIT-03,P-001337,P-000788,P-001406,INV-0120,OPEN,MEDIUM
FIR-000508,CR-2026-2011,2026-05-14 16:11:55,2026-05-11 20:11:55,RECOVERY_NOTICE,Fictional recovery notice incident tied to Synthetic Narcotics probe 11.,L-000052,"Bus Stand, Erode",NORTH-POL-SEC,P-000575,P-001380,P-000870,INV-0124,OPEN,CRITICAL
FIR-000509,CR-2026-2015,2026-01-06 10:57:10,2026-01-05 00:57:10,RECOVERY_NOTICE,Fictional recovery notice incident tied to Synthetic Cyber Fraud probe 15.,L-000039,"Port Area, Dindigul",FIN-CRIME-CELL,P-001653,P-001790,P-001790,INV-0066,UNDER_REVIEW,HIGH
FIR-000510,CR-2026-2013,2026-08-21 18:08:41,2026-08-19 22:08:41,RECOVERY_NOTICE,Fictional recovery notice incident tied to Synthetic Narcotics probe 13.,L-000023,"Bus Stand, Kanniyakumari",NARC-BUREAU-01,P-000511,P-000894,P-001656,INV-0133,OPEN,CRITICAL
FIR-000511,CR-2026-2014,2026-08-26 02:35:34,2026-08-25 05:35:34,FINANCIAL_FRAUD,Fictional financial fraud incident tied to Synthetic Logistics Crime probe 14.,L-000151,"Warehouse Zone, Salem",NORTH-POL-SEC,P-001555,P-001653,P-000043,INV-0045,OPEN,HIGH
FIR-000512,CR-2026-2010,2026-02-11 04:32:02,2026-02-11 00:32:02,SMUGGLING,Fictional smuggling incident tied to Synthetic Vehicle Theft probe 10.,L-000048,"Auto Nagar, Nagercoil",FIN-CRIME-CELL,P-001712,P-000034,P-000134,INV-0144,CLOSED,MEDIUM
FIR-000513,CR-2026-2002,2026-06-23 05:25:37,2026-06-22 11:25:37,RECOVERY_NOTICE,Fictional recovery notice incident tied to Synthetic Phone Fraud probe 02.,L-000200,"Grain Market, Coimbatore",SOUTH-POL-SEC,P-000889,P-000193,P-001410,INV-0076,OPEN,MEDIUM
FIR-000514,CR-2026-2016,2026-06-06 02:00:04,2026-06-04 20:00:04,EXTORTION,Fictional extortion incident tied to Synthetic Phone Fraud probe 16.,L-000127,"Port Area, Tirunelveli",NORTH-POL-SEC,P-001072,P-001766,P-000661,INV-0111,OPEN,HIGH
FIR-000515,CR-2026-2017,2026-03-05 13:59:34,2026-03-04 05:59:34,FRAUDULENT_TRANSFER,Fictional fraudulent transfer incident tied to Synthetic Logistics Crime probe 17.,L-000164,"SIPCOT, Hosur",FIN-CRIME-CELL,P-000280,P-001128,P-000563,INV-0141,OPEN,MEDIUM
FIR-000516,CR-2026-2017,2026-06-07 13:38:34,2026-06-06 04:38:34,FINANCIAL_FRAUD,Fictional financial fraud incident tied to Synthetic Logistics Crime probe 17.,L-000077,"Textile Market, Coimbatore",NARC-BUREAU-01,P-000933,P-000697,P-000922,INV-0016,UNDER_REVIEW,CRITICAL
FIR-000517,CR-2026-2018,2026-04-02 20:38:22,2026-03-31 23:38:22,SMUGGLING,Fictional smuggling incident tied to Synthetic Human Trafficking probe 18.,L-000167,"Old Town, Dindigul",NORTH-POL-SEC,P-000034,P-000046,P-001197,INV-0076,OPEN,MEDIUM
FIR-000518,CR-2026-2014,2026-02-26 13:14:59,2026-02-23 14:14:59,FRAUDULENT_TRANSFER,Fictional fraudulent transfer incident tied to Synthetic Logistics Crime probe 14.,L-000125,"Textile Market, Hosur",WEST-INV-DIV,P-001555,P-000335,P-001706,INV-0102,OPEN,CRITICAL
FIR-000519,CR-2026-2003,2026-06-06 10:11:17,2026-06-04 13:11:17,EXTORTION,Fictional extortion incident tied to Synthetic Gold Smuggling probe 03.,L-000077,"Textile Market, Coimbatore",EAST-INV-DIV,P-001329,P-000595,P-000635,INV-0123,OPEN,HIGH
FIR-000520,CR-2026-2009,2026-04-13 02:31:32,2026-04-10 05:31:32,SMUGGLING,Fictional smuggling incident tied to Synthetic Gold Smuggling probe 09.,L-000032,"Residential Colony, Nagapattinam",CEN-CRIME-UNIT-03,P-000984,P-000192,P-000496,INV-0035,CLOSED,CRITICAL
FIR-000521,CR-2026-2001,2026-03-21 12:18:30,2026-03-19 09:18:30,FRAUDULENT_TRANSFER,Fictional fraudulent transfer incident tied to Synthetic Cyber Fraud probe 01.,L-000012,"Bus Stand, Madurai",CEN-CRIME-UNIT-01,P-000370,P-001448,P-000981,INV-0108,CLOSED,CRITICAL
FIR-000522,CR-2026-2005,2026-02-19 00:52:04,2026-02-17 00:52:04,FRAUDULENT_TRANSFER,Fictional fraudulent transfer incident tied to Synthetic Financial Fraud probe 05.,L-000007,"Ring Road, Krishnagiri",CEN-CRIME-UNIT-03,P-000754,P-001921,P-001714,INV-0051,OPEN,HIGH
FIR-000523,CR-2026-2019,2026-08-24 18:04:38,2026-08-22 20:04:38,CROSS_BORDER_TRADE,Fictional cross border trade incident tied to Synthetic Financial Fraud probe 19.,L-000196,"Textile Market, Karur",NORTH-POL-SEC,P-001937,P-001910,P-001949,INV-0013,CLOSED,HIGH
FIR-000524,CR-2026-2011,2026-07-07 14:59:06,2026-07-05 09:59:06,FRAUDULENT_TRANSFER,Fictional fraudulent transfer incident tied to Synthetic Narcotics probe 11.,L-000121,"Residential Colony, Nagercoil",NORTH-POL-SEC,P-000260,P-000554,P-000554,INV-0076,OPEN,HIGH
FIR-000525,CR-2026-2001,2026-07-27 20:38:53,2026-07-27 05:38:53,FINANCIAL_FRAUD,Fictional financial fraud incident tied to Synthetic Cyber Fraud probe 01.,L-000107,"Warehouse Zone, Tirunelveli",CEN-CRIME-UNIT-03,P-000464,P-001448,P-000626,INV-0002,OPEN,CRITICAL
FIR-000526,CR-2026-2018,2026-06-28 17:23:35,2026-06-26 02:23:35,CROSS_BORDER_TRADE,Fictional cross border trade incident tied to Synthetic Human Trafficking probe 18.,L-000064,"Residential Colony, Karur",WEST-INV-DIV,P-000169,P-000169,P-000169,INV-0057,CLOSED,MEDIUM
FIR-000527,CR-2026-2008,2026-05-21 03:30:56,2026-05-19 22:30:56,EXTORTION,Fictional extortion incident tied to Synthetic Financial Fraud probe 08.,L-000188,"Railway Station, Chennai",NARC-BUREAU-01,P-000655,P-000548,P-000548,INV-0016,UNDER_REVIEW,HIGH
FIR-000528,CR-2026-2014,2026-01-07 03:54:14,2026-01-05 19:54:14,FINANCIAL_FRAUD,Fictional financial fraud incident tied to Synthetic Logistics Crime probe 14.,L-000080,"Industrial Estate, Kanniyakumari",CYBER-CELL-01,P-001917,P-000765,P-001706,INV-0102,OPEN,CRITICAL
FIR-000529,CR-2026-2012,2026-08-06 16:35:36,2026-08-04 22:35:36,SMUGGLING,Fictional smuggling incident tied to Synthetic Illegal Trade probe 12.,L-000122,"Warehouse Zone, Chennai",CEN-CRIME-UNIT-02,P-000615,P-000760,P-000488,INV-0097,CLOSED,MEDIUM
FIR-000530,CR-2026-2020,2026-01-03 13:09:07,2026-01-01 19:09:07,ASSAULT,Fictional assault incident tied to Synthetic Human Trafficking probe 20.,L-000082,"Highway Junction, Nagercoil",WEST-INV-DIV,P-000788,P-000866,P-000600,INV-0112,OPEN,CRITICAL
FIR-000531,CR-2026-2014,2026-02-10 07:07:03,2026-02-08 21:07:03,FRAUDULENT_TRANSFER,Fictional fraudulent transfer incident tied to Synthetic Logistics Crime probe 14.,L-000054,"Warehouse Zone, Cuddalore",SOUTH-POL-SEC,P-000765,P-000551,P-001995,INV-0019,CLOSED,HIGH
FIR-000532,CR-2026-2014,2026-02-24 00:03:40,2026-02-21 20:03:40,FINANCIAL_FRAUD,Fictional financial fraud incident tied to Synthetic Logistics Crime probe 14.,L-000012,"Bus Stand, Madurai",CYBER-CELL-01,P-001072,P-000335,P-001851,INV-0098,UNDER_REVIEW,MEDIUM
FIR-000533,CR-2026-2012,2026-05-28 04:06:14,2026-05-26 21:06:14,FINANCIAL_FRAUD,Fictional financial fraud incident tied to Synthetic Illegal Trade probe 12.,L-000149,"Residential Colony, Cuddalore",WEST-INV-DIV,P-001382,P-001060,P-000488,INV-0111,OPEN,CRITICAL
FIR-000534,CR-2026-2011,2026-05-21 23:58:23,2026-05-19 23:58:23,SMUGGLING,Fictional smuggling incident tied to Synthetic Narcotics probe 11.,L-000191,"IT Park, Cuddalore",WEST-INV-DIV,P-000005,P-000870,P-000260,INV-0075,CLOSED,HIGH
FIR-000535,CR-2026-2016,2026-01-10 01:08:30,2026-01-09 13:08:30,FRAUDULENT_TRANSFER,Fictional fraudulent transfer incident tied to Synthetic Phone Fraud probe 16.,L-000090,"Warehouse Zone, Salem",SOUTH-POL-SEC,P-000197,P-001072,P-000256,INV-0015,OPEN,HIGH
FIR-000536,CR-2026-2011,2026-01-15 10:51:48,2026-01-14 21:51:48,CROSS_BORDER_TRADE,Fictional cross border trade incident tied to Synthetic Narcotics probe 11.,L-000100,"Bypass, Cuddalore",CYBER-CELL-01,P-000870,P-000260,P-001293,INV-0001,UNDER_REVIEW,CRITICAL
FIR-000537,CR-2026-2017,2026-03-25 16:47:40,2026-03-23 05:47:40,CROSS_BORDER_TRADE,Fictional cross border trade incident tied to Synthetic Logistics Crime probe 17.,L-000015,"SIPCOT, Kanniyakumari",CEN-CRIME-UNIT-03,P-000584,P-001914,P-001914,INV-0002,CLOSED,MEDIUM
FIR-000538,CR-2026-2015,2026-01-03 15:43:48,2026-01-03 09:43:48,FRAUDULENT_TRANSFER,Fictional fraudulent transfer incident tied to Synthetic Cyber Fraud probe 15.,L-000114,"Ring Road, Thanjavur",CEN-CRIME-UNIT-03,P-000510,P-001773,P-001887,INV-0111,OPEN,HIGH
FIR-000539,CR-2026-2009,2026-09-01 00:17:44,2026-08-30 10:17:44,FINANCIAL_FRAUD,Fictional financial fraud incident tied to Synthetic Gold Smuggling probe 09.,L-000147,"Port Area, Tiruchirappalli",WEST-INV-DIV,P-000887,P-000475,P-000073,INV-0123,OPEN,HIGH
FIR-000540,CR-2026-2012,2026-07-02 01:17:39,2026-06-30 13:17:39,ASSAULT,Fictional assault incident tied to Synthetic Illegal Trade probe 12.,L-000052,"Bus Stand, Erode",CEN-CRIME-UNIT-03,P-001104,P-000488,P-001382,INV-0149,OPEN,MEDIUM
FIR-000541,CR-2026-2004,2026-04-01 16:09:32,2026-03-29 19:09:32,FINANCIAL_FRAUD,Fictional financial fraud incident tied to Synthetic Cyber Fraud probe 04.,L-000130,"Auto Nagar, Nagapattinam",CEN-CRIME-UNIT-02,P-001991,P-000555,P-001133,INV-0025,OPEN,MEDIUM
FIR-000542,CR-2026-2020,2026-01-24 06:22:18,2026-01-21 12:22:18,ASSAULT,Fictional assault incident tied to Synthetic Human Trafficking probe 20.,L-000160,"Industrial Estate, Thoothukudi",NORTH-POL-SEC,P-000788,P-001933,P-000668,INV-0153,OPEN,CRITICAL
FIR-000543,CR-2026-2001,2026-02-03 02:58:44,2026-01-31 08:58:44,SMUGGLING,Fictional smuggling incident tied to Synthetic Cyber Fraud probe 01.,L-000042,"Market Road, Dindigul",CEN-CRIME-UNIT-03,P-001346,P-001884,P-000602,INV-0031,CLOSED,HIGH
FIR-000544,CR-2026-2002,2026-01-18 07:25:06,2026-01-15 14:25:06,THEFT,Fictional theft incident tied to Synthetic Phone Fraud probe 02.,L-000096,"Warehouse Zone, Tiruchirappalli",CEN-CRIME-UNIT-01,P-001661,P-001506,P-001506,INV-0073,OPEN,HIGH
FIR-000545,CR-2026-2001,2026-03-21 20:58:10,2026-03-21 15:58:10,ASSAULT,Fictional assault incident tied to Synthetic Cyber Fraud probe 01.,L-000052,"Bus Stand, Erode",CYBER-CELL-01,P-000626,P-000464,P-000248,INV-0126,OPEN,CRITICAL
FIR-000546,CR-2026-2019,2026-05-26 21:00:43,2026-05-25 16:00:43,ASSAULT,Fictional assault incident tied to Synthetic Financial Fraud probe 19.,L-000090,"Warehouse Zone, Salem",EAST-INV-DIV,P-000804,P-000534,P-001636,INV-0141,OPEN,HIGH
FIR-000547,CR-2026-2002,2026-02-04 15:12:19,2026-02-02 23:12:19,ASSAULT,Fictional assault incident tied to Synthetic Phone Fraud probe 02.,L-000176,"Auto Nagar, Krishnagiri",CEN-CRIME-UNIT-03,P-000126,P-001264,P-000352,INV-0126,UNDER_REVIEW,HIGH
FIR-000548,CR-2026-2018,2026-01-30 22:29:51,2026-01-28 00:29:51,EXTORTION,Fictional extortion incident tied to Synthetic Human Trafficking probe 18.,L-000052,"Bus Stand, Erode",SOUTH-POL-SEC,P-000938,P-001787,P-000166,INV-0102,UNDER_REVIEW,HIGH
FIR-000549,CR-2026-2005,2026-05-21 10:39:11,2026-05-20 11:39:11,THEFT,Fictional theft incident tied to Synthetic Financial Fraud probe 05.,L-000085,"Warehouse Zone, Thanjavur",NORTH-POL-SEC,P-000187,P-001437,P-001231,INV-0024,OPEN,MEDIUM
FIR-000550,CR-2026-2006,2026-04-06 04:46:49,2026-04-05 18:46:49,FINANCIAL_FRAUD,Fictional financial fraud incident tied to Synthetic Logistics Crime probe 06.,L-000105,"Bypass, Tirunelveli",SOUTH-POL-SEC,P-000395,P-000562,P-000720,INV-0005,UNDER_REVIEW,CRITICAL
FIR-000551,CR-2026-2019,2026-05-03 02:05:59,2026-04-30 06:05:59,EXTORTION,Fictional extortion incident tied to Synthetic Financial Fraud probe 19.,L-000021,"Old Town, Coimbatore",CYBER-CELL-01,P-000534,P-001467,P-001937,INV-0029,CLOSED,HIGH
FIR-000552,CR-2026-2006,2026-05-20 16:09:08,2026-05-17 23:09:08,FRAUDULENT_TRANSFER,Fictional fraudulent transfer incident tied to Synthetic Logistics Crime probe 06.,L-000121,"Residential Colony, Nagercoil",CEN-CRIME-UNIT-02,P-000656,P-000873,P-000212,INV-0024,CLOSED,MEDIUM
FIR-000553,CR-2026-2002,2026-03-18 18:11:22,2026-03-16 22:11:22,FRAUDULENT_TRANSFER,Fictional fraudulent transfer incident tied to Synthetic Phone Fraud probe 02.,L-000068,"Bus Stand, Hosur",NARC-BUREAU-01,P-001479,P-000352,P-000481,INV-0080,UNDER_REVIEW,CRITICAL
FIR-000554,CR-2026-2010,2026-06-25 02:10:19,2026-06-23 16:10:19,SMUGGLING,Fictional smuggling incident tied to Synthetic Vehicle Theft probe 10.,L-000114,"Ring Road, Thanjavur",FIN-CRIME-CELL,P-001685,P-001710,P-001110,INV-0004,OPEN,CRITICAL
FIR-000555,CR-2026-2018,2026-08-28 01:20:01,2026-08-25 12:20:01,FINANCIAL_FRAUD,Fictional financial fraud incident tied to Synthetic Human Trafficking probe 18.,L-000160,"Industrial Estate, Thoothukudi",CEN-CRIME-UNIT-02,P-001436,P-000034,P-000106,INV-0114,UNDER_REVIEW,HIGH
FIR-000556,CR-2026-2007,2026-01-08 07:55:42,2026-01-06 21:55:42,ASSAULT,Fictional assault incident tied to Synthetic Cyber Fraud probe 07.,L-000023,"Bus Stand, Kanniyakumari",CEN-CRIME-UNIT-01,P-001863,P-001042,P-000666,INV-0133,CLOSED,HIGH
FIR-000557,CR-2026-2005,2026-05-30 20:59:49,2026-05-30 00:59:49,THEFT,Fictional theft incident tied to Synthetic Financial Fraud probe 05.,L-000050,"Port Area, Madurai",NORTH-POL-SEC,P-001921,P-001545,P-001921,INV-0125,UNDER_REVIEW,CRITICAL
FIR-000558,CR-2026-2009,2026-03-04 22:20:10,2026-03-03 04:20:10,EXTORTION,Fictional extortion incident tied to Synthetic Gold Smuggling probe 09.,L-000121,"Residential Colony, Nagercoil",SOUTH-POL-SEC,P-000711,P-000782,P-001299,INV-0138,OPEN,CRITICAL
FIR-000559,CR-2026-2013,2026-03-15 17:11:56,2026-03-12 17:11:56,CROSS_BORDER_TRADE,Fictional cross border trade incident tied to Synthetic Narcotics probe 13.,L-000092,"Old Town, Cuddalore",SOUTH-POL-SEC,P-001040,P-000360,P-001935,INV-0050,OPEN,HIGH
FIR-000560,CR-2026-2015,2026-07-10 00:57:46,2026-07-09 12:57:46,FRAUDULENT_TRANSFER,Fictional fraudulent transfer incident tied to Synthetic Cyber Fraud probe 15.,L-000077,"Textile Market, Coimbatore",SOUTH-POL-SEC,P-001853,P-001967,P-000865,INV-0107,OPEN,CRITICAL
FIR-000561,CR-2026-2016,2026-06-12 14:32:41,2026-06-10 22:32:41,CROSS_BORDER_TRADE,Fictional cross border trade incident tied to Synthetic Phone Fraud probe 16.,L-000042,"Market Road, Dindigul",EAST-INV-DIV,P-000413,P-000413,P-001644,INV-0114,OPEN,MEDIUM
FIR-000562,CR-2026-2012,2026-08-07 20:41:26,2026-08-05 23:41:26,FINANCIAL_FRAUD,Fictional financial fraud incident tied to Synthetic Illegal Trade probe 12.,L-000042,"Market Road, Dindigul",FIN-CRIME-CELL,P-000968,P-000968,P-000428,INV-0146,UNDER_REVIEW,HIGH
FIR-000563,CR-2026-2016,2026-07-20 20:29:41,2026-07-19 02:29:41,EXTORTION,Fictional extortion incident tied to Synthetic Phone Fraud probe 16.,L-000006,"Bus Stand, Erode",EAST-INV-DIV,P-000830,P-001126,P-001126,INV-0104,OPEN,MEDIUM
FIR-000564,CR-2026-2008,2026-01-13 23:16:23,2026-01-13 14:16:23,ASSAULT,Fictional assault incident tied to Synthetic Financial Fraud probe 08.,L-000029,"Grain Market, Coimbatore",CYBER-CELL-01,P-000548,P-001535,P-001317,INV-0030,OPEN,HIGH
FIR-000565,CR-2026-2010,2026-08-23 01:42:28,2026-08-21 18:42:28,RECOVERY_NOTICE,Fictional recovery notice incident tied to Synthetic Vehicle Theft probe 10.,L-000094,"IT Park, Hosur",WEST-INV-DIV,P-001110,P-001712,P-001603,INV-0015,UNDER_REVIEW,MEDIUM
FIR-000566,CR-2026-2020,2026-01-27 15:08:39,2026-01-25 17:08:39,ASSAULT,Fictional assault incident tied to Synthetic Human Trafficking probe 20.,L-000100,"Bypass, Cuddalore",EAST-INV-DIV,P-001357,P-000694,P-000535,INV-0029,OPEN,MEDIUM
FIR-000567,CR-2026-2009,2026-03-17 04:46:18,2026-03-14 19:46:18,EXTORTION,Fictional extortion incident tied to Synthetic Gold Smuggling probe 09.,L-000015,"SIPCOT, Kanniyakumari",EAST-INV-DIV,P-001919,P-000344,P-000782,INV-0026,OPEN,CRITICAL
FIR-000568,CR-2026-2019,2026-05-05 03:04:59,2026-05-04 23:04:59,THEFT,Fictional theft incident tied to Synthetic Financial Fraud probe 19.,L-000042,"Market Road, Dindigul",EAST-INV-DIV,P-001467,P-000804,P-000918,INV-0128,UNDER_REVIEW,MEDIUM
FIR-000569,CR-2026-2002,2026-06-15 16:46:39,2026-06-14 04:46:39,FINANCIAL_FRAUD,Fictional financial fraud incident tied to Synthetic Phone Fraud probe 02.,L-000188,"Railway Station, Chennai",FIN-CRIME-CELL,P-001380,P-000641,P-001479,INV-0112,UNDER_REVIEW,MEDIUM
FIR-000570,CR-2026-2015,2026-07-17 18:18:00,2026-07-15 07:18:00,EXTORTION,Fictional extortion incident tied to Synthetic Cyber Fraud probe 15.,L-000114,"Ring Road, Thanjavur",CEN-CRIME-UNIT-01,P-000983,P-000510,P-001166,INV-0054,OPEN,CRITICAL
FIR-000571,CR-2026-2018,2026-05-22 14:34:11,2026-05-19 18:34:11,CROSS_BORDER_TRADE,Fictional cross border trade incident tied to Synthetic Human Trafficking probe 18.,L-000102,"Industrial Estate, Hosur",WEST-INV-DIV,P-000175,P-001752,P-001197,INV-0003,OPEN,MEDIUM
FIR-000572,CR-2026-2010,2026-07-18 09:15:33,2026-07-17 10:15:33,EXTORTION,Fictional extortion incident tied to Synthetic Vehicle Theft probe 10.,L-000153,"University Road, Krishnagiri",CYBER-CELL-01,P-000034,P-001603,P-001710,INV-0004,OPEN,HIGH
FIR-000573,CR-2026-2015,2026-05-28 06:31:52,2026-05-27 05:31:52,EXTORTION,Fictional extortion incident tied to Synthetic Cyber Fraud probe 15.,L-000039,"Port Area, Dindigul",CEN-CRIME-UNIT-03,P-001967,P-001790,P-001887,INV-0094,OPEN,HIGH
FIR-000574,CR-2026-2011,2026-03-12 19:08:03,2026-03-11 08:08:03,CROSS_BORDER_TRADE,Fictional cross border trade incident tied to Synthetic Narcotics probe 11.,L-000105,"Bypass, Tirunelveli",CEN-CRIME-UNIT-03,P-000603,P-000005,P-000305,INV-0153,CLOSED,MEDIUM
FIR-000575,CR-2026-2001,2026-04-08 23:37:51,2026-04-07 06:37:51,FRAUDULENT_TRANSFER,Fictional fraudulent transfer incident tied to Synthetic Cyber Fraud probe 01.,L-000052,"Bus Stand, Erode",CYBER-CELL-01,P-000602,P-000981,P-000248,INV-0029,OPEN,MEDIUM
FIR-000576,CR-2026-2008,2026-04-23 20:59:04,2026-04-23 02:59:04,RECOVERY_NOTICE,Fictional recovery notice incident tied to Synthetic Financial Fraud probe 08.,L-000016,"University Road, Karur",WEST-INV-DIV,P-000409,P-000548,P-000548,INV-0092,CLOSED,CRITICAL
FIR-000577,CR-2026-2004,2026-04-05 19:23:00,2026-04-05 00:23:00,THEFT,Fictional theft incident tied to Synthetic Cyber Fraud probe 04.,L-000167,"Old Town, Dindigul",SOUTH-POL-SEC,P-000319,P-001369,P-000608,INV-0067,CLOSED,HIGH
FIR-000578,CR-2026-2017,2026-02-22 10:55:55,2026-02-21 14:55:55,CROSS_BORDER_TRADE,Fictional cross border trade incident tied to Synthetic Logistics Crime probe 17.,L-000130,"Auto Nagar, Nagapattinam",CEN-CRIME-UNIT-02,P-001058,P-000922,P-001322,INV-0131,UNDER_REVIEW,HIGH
FIR-000579,CR-2026-2018,2026-02-27 03:42:01,2026-02-24 22:42:01,ASSAULT,Fictional assault incident tied to Synthetic Human Trafficking probe 18.,L-000147,"Port Area, Tiruchirappalli",FIN-CRIME-CELL,P-001273,P-001436,P-000175,INV-0058,OPEN,MEDIUM
FIR-000580,CR-2026-2013,2026-08-21 04:42:20,2026-08-20 00:42:20,ASSAULT,Fictional assault incident tied to Synthetic Narcotics probe 13.,L-000181,"Highway Junction, Chennai",CEN-CRIME-UNIT-03,P-000362,P-001935,P-000583,INV-0067,CLOSED,CRITICAL
FIR-000581,CR-2026-2007,2026-07-18 01:49:40,2026-07-16 13:49:40,CROSS_BORDER_TRADE,Fictional cross border trade incident tied to Synthetic Cyber Fraud probe 07.,L-000160,"Industrial Estate, Thoothukudi",WEST-INV-DIV,P-000790,P-001718,P-001847,INV-0100,CLOSED,HIGH
FIR-000582,CR-2026-2003,2026-02-24 09:28:11,2026-02-22 12:28:11,SMUGGLING,Fictional smuggling incident tied to Synthetic Gold Smuggling probe 03.,L-000104,"Bypass, Tiruchirappalli",CYBER-CELL-01,P-001115,P-001329,P-000595,INV-0023,OPEN,MEDIUM
FIR-000583,CR-2026-2018,2026-01-05 10:07:19,2026-01-04 07:07:19,EXTORTION,Fictional extortion incident tied to Synthetic Human Trafficking probe 18.,L-000009,"Highway Junction, Krishnagiri",CEN-CRIME-UNIT-02,P-001787,P-000529,P-000175,INV-0098,OPEN,CRITICAL
FIR-000584,CR-2026-2008,2026-01-03 14:55:24,2026-01-02 17:55:24,THEFT,Fictional theft incident tied to Synthetic Financial Fraud probe 08.,L-000054,"Warehouse Zone, Cuddalore",CEN-CRIME-UNIT-01,P-000372,P-001535,P-000372,INV-0079,UNDER_REVIEW,MEDIUM
FIR-000585,CR-2026-2009,2026-07-30 21:50:16,2026-07-28 03:50:16,CROSS_BORDER_TRADE,Fictional cross border trade incident tied to Synthetic Gold Smuggling probe 09.,L-000114,"Ring Road, Thanjavur",FIN-CRIME-CELL,P-001229,P-001101,P-000192,INV-0137,CLOSED,CRITICAL
FIR-000586,CR-2026-2005,2026-06-03 02:15:10,2026-06-02 10:15:10,THEFT,Fictional theft incident tied to Synthetic Financial Fraud probe 05.,L-000060,"Market Road, Salem",EAST-INV-DIV,P-001437,P-001714,P-001429,INV-0019,CLOSED,MEDIUM
FIR-000587,CR-2026-2002,2026-03-23 03:30:46,2026-03-21 05:30:46,CROSS_BORDER_TRADE,Fictional cross border trade incident tied to Synthetic Phone Fraud probe 02.,L-000096,"Warehouse Zone, Tiruchirappalli",SOUTH-POL-SEC,P-001743,P-001324,P-001743,INV-0075,OPEN,CRITICAL
FIR-000588,CR-2026-2006,2026-06-15 18:47:10,2026-06-14 23:47:10,RECOVERY_NOTICE,Fictional recovery notice incident tied to Synthetic Logistics Crime probe 06.,L-000114,"Ring Road, Thanjavur",WEST-INV-DIV,P-001448,P-001055,P-001644,INV-0157,UNDER_REVIEW,MEDIUM
FIR-000589,CR-2026-2001,2026-03-20 04:43:32,2026-03-19 08:43:32,RECOVERY_NOTICE,Fictional recovery notice incident tied to Synthetic Cyber Fraud probe 01.,L-000181,"Highway Junction, Chennai",EAST-INV-DIV,P-001884,P-000626,P-000370,INV-0096,UNDER_REVIEW,HIGH
FIR-000590,CR-2026-2012,2026-08-22 17:29:43,2026-08-21 10:29:43,ASSAULT,Fictional assault incident tied to Synthetic Illegal Trade probe 12.,L-000147,"Port Area, Tiruchirappalli",CEN-CRIME-UNIT-01,P-001951,P-001104,P-000428,INV-0158,CLOSED,MEDIUM
FIR-000591,CR-2026-2013,2026-02-01 08:24:37,2026-01-31 11:24:37,FRAUDULENT_TRANSFER,Fictional fraudulent transfer incident tied to Synthetic Narcotics probe 13.,L-000130,"Auto Nagar, Nagapattinam",EAST-INV-DIV,P-000360,P-000522,P-000362,INV-0035,OPEN,HIGH
FIR-000592,CR-2026-2007,2026-08-05 17:32:56,2026-08-04 14:32:56,FINANCIAL_FRAUD,Fictional financial fraud incident tied to Synthetic Cyber Fraud probe 07.,L-000113,"Old Town, Tirunelveli",NARC-BUREAU-01,P-000115,P-000115,P-001298,INV-0103,CLOSED,CRITICAL
FIR-000593,CR-2026-2005,2026-08-31 01:16:33,2026-08-30 07:16:33,EXTORTION,Fictional extortion incident tied to Synthetic Financial Fraud probe 05.,L-000013,"Railway Station, Hosur",NARC-BUREAU-01,P-001545,P-000187,P-001921,INV-0140,CLOSED,MEDIUM
FIR-000594,CR-2026-2004,2026-07-22 11:40:24,2026-07-20 13:40:24,FINANCIAL_FRAUD,Fictional financial fraud incident tied to Synthetic Cyber Fraud probe 04.,L-000055,"Grain Market, Thoothukudi",WEST-INV-DIV,P-000555,P-000555,P-001420,INV-0159,CLOSED,MEDIUM
FIR-000595,CR-2026-2005,2026-04-25 04:34:37,2026-04-23 21:34:37,RECOVERY_NOTICE,Fictional recovery notice incident tied to Synthetic Financial Fraud probe 05.,L-000098,"Railway Station, Krishnagiri",WEST-INV-DIV,P-000843,P-001545,P-000719,INV-0157,OPEN,HIGH
FIR-000596,CR-2026-2009,2026-02-12 04:00:49,2026-02-11 02:00:49,RECOVERY_NOTICE,Fictional recovery notice incident tied to Synthetic Gold Smuggling probe 09.,L-000077,"Textile Market, Coimbatore",EAST-INV-DIV,P-001919,P-000496,P-000192,INV-0117,OPEN,CRITICAL
FIR-000597,CR-2026-2006,2026-01-20 19:01:45,2026-01-18 20:01:45,CROSS_BORDER_TRADE,Fictional cross border trade incident tied to Synthetic Logistics Crime probe 06.,L-000033,"Old Town, Erode",CEN-CRIME-UNIT-02,P-000134,P-001180,P-001014,INV-0113,OPEN,HIGH
FIR-000598,CR-2026-2001,2026-04-14 20:21:27,2026-04-13 17:21:27,RECOVERY_NOTICE,Fictional recovery notice incident tied to Synthetic Cyber Fraud probe 01.,L-000181,"Highway Junction, Chennai",EAST-INV-DIV,P-000602,P-001346,P-001346,INV-0008,CLOSED,MEDIUM
FIR-000599,CR-2026-2008,2026-07-20 23:00:14,2026-07-19 06:00:14,SMUGGLING,Fictional smuggling incident tied to Synthetic Financial Fraud probe 08.,L-000181,"Highway Junction, Chennai",CEN-CRIME-UNIT-03,P-000786,P-000655,P-001535,INV-0143,UNDER_REVIEW,HIGH
FIR-000600,CR-2026-2005,2026-01-13 18:50:17,2026-01-12 02:50:17,FRAUDULENT_TRANSFER,Fictional fraudulent transfer incident tied to Synthetic Financial Fraud probe 05.,L-000175,"Port Area, Tiruchirappalli",EAST-INV-DIV,P-001656,P-000015,P-001231,INV-0036,UNDER_REVIEW,HIGH
FIR-000601,CR-2026-2020,2026-08-25 23:55:01,2026-08-24 09:55:01,FINANCIAL_FRAUD,Fictional financial fraud incident tied to Synthetic Human Trafficking probe 20.,L-000096,"Warehouse Zone, Tiruchirappalli",WEST-INV-DIV,P-000668,P-000668,P-001357,INV-0106,CLOSED,HIGH
FIR-000602,CR-2026-2011,2026-08-19 17:48:47,2026-08-18 21:48:47,RECOVERY_NOTICE,Fictional recovery notice incident tied to Synthetic Narcotics probe 11.,L-000038,"Bus Stand, Madurai",NARC-BUREAU-01,P-001050,P-001050,P-001339,INV-0035,OPEN,MEDIUM
FIR-000603,CR-2026-2004,2026-05-20 16:29:45,2026-05-20 09:29:45,FINANCIAL_FRAUD,Fictional financial fraud incident tied to Synthetic Cyber Fraud probe 04.,L-000188,"Railway Station, Chennai",NARC-BUREAU-01,P-001420,P-001559,P-001369,INV-0061,UNDER_REVIEW,CRITICAL
FIR-000604,CR-2026-2014,2026-05-03 15:42:16,2026-05-02 14:42:16,CROSS_BORDER_TRADE,Fictional cross border trade incident tied to Synthetic Logistics Crime probe 14.,L-000016,"University Road, Karur",CEN-CRIME-UNIT-03,P-001917,P-001682,P-000419,INV-0112,OPEN,HIGH
FIR-000605,CR-2026-2017,2026-02-01 19:01:50,2026-01-30 14:01:50,THEFT,Fictional theft incident tied to Synthetic Logistics Crime probe 17.,L-000153,"University Road, Krishnagiri",CYBER-CELL-01,P-001206,P-001322,P-001207,INV-0044,OPEN,HIGH
FIR-000606,CR-2026-2018,2026-03-23 04:25:22,2026-03-22 13:25:22,EXTORTION,Fictional extortion incident tied to Synthetic Human Trafficking probe 18.,L-000102,"Industrial Estate, Hosur",SOUTH-POL-SEC,P-001273,P-000219,P-000938,INV-0046,UNDER_REVIEW,CRITICAL
FIR-000607,CR-2026-2006,2026-03-23 14:46:42,2026-03-23 04:46:42,RECOVERY_NOTICE,Fictional recovery notice incident tied to Synthetic Logistics Crime probe 06.,L-000025,"Textile Market, Nagapattinam",CEN-CRIME-UNIT-01,P-001347,P-000017,P-000212,INV-0019,OPEN,CRITICAL
FIR-000608,CR-2026-2019,2026-04-01 12:32:30,2026-03-29 14:32:30,SMUGGLING,Fictional smuggling incident tied to Synthetic Financial Fraud probe 19.,L-000053,"Bypass, Madurai",WEST-INV-DIV,P-001073,P-001948,P-001949,INV-0052,CLOSED,CRITICAL
FIR-000609,CR-2026-2017,2026-05-08 23:31:29,2026-05-06 12:31:29,FINANCIAL_FRAUD,Fictional financial fraud incident tied to Synthetic Logistics Crime probe 17.,L-000079,"Warehouse Zone, Salem",NORTH-POL-SEC,P-000933,P-001207,P-000889,INV-0138,OPEN,CRITICAL
FIR-000610,CR-2026-2020,2026-01-18 18:41:31,2026-01-16 16:41:31,FINANCIAL_FRAUD,Fictional financial fraud incident tied to Synthetic Human Trafficking probe 20.,L-000016,"University Road, Karur",NARC-BUREAU-01,P-000600,P-001933,P-000866,INV-0089,CLOSED,HIGH
FIR-000611,CR-2026-2006,2026-02-18 15:18:01,2026-02-17 03:18:01,EXTORTION,Fictional extortion incident tied to Synthetic Logistics Crime probe 06.,L-000160,"Industrial Estate, Thoothukudi",FIN-CRIME-CELL,P-001644,P-000873,P-000017,INV-0020,OPEN,CRITICAL
FIR-000612,CR-2026-2008,2026-02-10 21:49:15,2026-02-09 12:49:15,ASSAULT,Fictional assault incident tied to Synthetic Financial Fraud probe 08.,L-000015,"SIPCOT, Kanniyakumari",CEN-CRIME-UNIT-01,P-000409,P-000786,P-000652,INV-0049,CLOSED,HIGH
FIR-000613,CR-2026-2017,2026-01-29 01:49:49,2026-01-27 12:49:49,EXTORTION,Fictional extortion incident tied to Synthetic Logistics Crime probe 17.,L-000121,"Residential Colony, Nagercoil",CYBER-CELL-01,P-001207,P-000280,P-001128,INV-0071,OPEN,CRITICAL
FIR-000614,CR-2026-2020,2026-06-22 15:23:26,2026-06-20 08:23:26,EXTORTION,Fictional extortion incident tied to Synthetic Human Trafficking probe 20.,L-000012,"Bus Stand, Madurai",EAST-INV-DIV,P-001491,P-001153,P-001153,INV-0028,OPEN,LOW
FIR-000615,CR-2026-2001,2026-07-08 16:44:31,2026-07-07 10:44:31,THEFT,Fictional theft incident tied to Synthetic Cyber Fraud probe 01.,L-000081,"Textile Market, Karur",CEN-CRIME-UNIT-03,P-000602,P-001447,P-000981,INV-0113,CLOSED,MEDIUM
FIR-000616,CR-2026-2011,2026-06-06 02:15:49,2026-06-05 19:15:49,EXTORTION,Fictional extortion incident tied to Synthetic Narcotics probe 11.,L-000163,"SIPCOT, Hosur",WEST-INV-DIV,P-001380,P-000385,P-000575,INV-0013,UNDER_REVIEW,MEDIUM
FIR-000617,CR-2026-2001,2026-06-19 14:42:39,2026-06-17 03:42:39,SMUGGLING,Fictional smuggling incident tied to Synthetic Cyber Fraud probe 01.,L-000020,"Residential Colony, Karur",NARC-BUREAU-01,P-000981,P-001884,P-000023,INV-0008,OPEN,CRITICAL
FIR-000618,CR-2026-2012,2026-01-27 17:15:37,2026-01-25 19:15:37,SMUGGLING,Fictional smuggling incident tied to Synthetic Illegal Trade probe 12.,L-000054,"Warehouse Zone, Cuddalore",CEN-CRIME-UNIT-03,P-001651,P-001951,P-000528,INV-0119,CLOSED,CRITICAL
FIR-000619,CR-2026-2012,2026-05-17 12:56:52,2026-05-15 00:56:52,CROSS_BORDER_TRADE,Fictional cross border trade incident tied to Synthetic Illegal Trade probe 12.,L-000174,"Warehouse Zone, Thanjavur",NARC-BUREAU-01,P-000488,P-001104,P-000428,INV-0024,UNDER_REVIEW,HIGH
FIR-000620,CR-2026-2010,2026-03-19 00:31:35,2026-03-17 19:31:35,FRAUDULENT_TRANSFER,Fictional fraudulent transfer incident tied to Synthetic Vehicle Theft probe 10.,L-000015,"SIPCOT, Kanniyakumari",CEN-CRIME-UNIT-03,P-001603,P-001710,P-000191,INV-0080,OPEN,CRITICAL
FIR-000621,CR-2026-2005,2026-09-03 12:21:12,2026-08-31 16:21:12,FRAUDULENT_TRANSFER,Fictional fraudulent transfer incident tied to Synthetic Financial Fraud probe 05.,L-000130,"Auto Nagar, Nagapattinam",SOUTH-POL-SEC,P-001921,P-000015,P-001714,INV-0053,OPEN,HIGH
FIR-000622,CR-2026-2001,2026-08-10 13:34:38,2026-08-09 04:34:38,ASSAULT,Fictional assault incident tied to Synthetic Cyber Fraud probe 01.,L-000160,"Industrial Estate, Thoothukudi",EAST-INV-DIV,P-000981,P-000023,P-000981,INV-0065,OPEN,HIGH
FIR-000623,CR-2026-2017,2026-07-11 13:20:29,2026-07-08 23:20:29,SMUGGLING,Fictional smuggling incident tied to Synthetic Logistics Crime probe 17.,L-000014,"Auto Nagar, Nagapattinam",CEN-CRIME-UNIT-03,P-000773,P-001042,P-000922,INV-0048,CLOSED,HIGH
FIR-000624,CR-2026-2011,2026-07-24 02:20:48,2026-07-21 08:20:48,RECOVERY_NOTICE,Fictional recovery notice incident tied to Synthetic Narcotics probe 11.,L-000151,"Warehouse Zone, Salem",WEST-INV-DIV,P-000385,P-000603,P-000005,INV-0138,CLOSED,HIGH
FIR-000625,CR-2026-2015,2026-07-27 05:57:34,2026-07-26 16:57:34,FRAUDULENT_TRANSFER,Fictional fraudulent transfer incident tied to Synthetic Cyber Fraud probe 15.,L-000151,"Warehouse Zone, Salem",SOUTH-POL-SEC,P-001728,P-001967,P-001967,INV-0051,OPEN,CRITICAL
FIR-000626,CR-2026-2010,2026-08-13 21:02:13,2026-08-12 17:02:13,SMUGGLING,Fictional smuggling incident tied to Synthetic Vehicle Theft probe 10.,L-000167,"Old Town, Dindigul",WEST-INV-DIV,P-000134,P-000134,P-001603,INV-0024,OPEN,HIGH
FIR-000627,CR-2026-2018,2026-04-15 14:13:31,2026-04-12 18:13:31,ASSAULT,Fictional assault incident tied to Synthetic Human Trafficking probe 18.,L-000065,"Textile Market, Coimbatore",NORTH-POL-SEC,P-001436,P-001187,P-001734,INV-0054,OPEN,HIGH
FIR-000628,CR-2026-2008,2026-04-27 23:26:41,2026-04-27 06:26:41,SMUGGLING,Fictional smuggling incident tied to Synthetic Financial Fraud probe 08.,L-000082,"Highway Junction, Nagercoil",NORTH-POL-SEC,P-000372,P-000548,P-000655,INV-0010,OPEN,HIGH
FIR-000629,CR-2026-2003,2026-03-03 08:40:51,2026-03-02 20:40:51,THEFT,Fictional theft incident tied to Synthetic Gold Smuggling probe 03.,L-000102,"Industrial Estate, Hosur",SOUTH-POL-SEC,P-001620,P-001620,P-001329,INV-0101,OPEN,MEDIUM
FIR-000630,CR-2026-2016,2026-02-03 00:14:10,2026-01-31 12:14:10,FRAUDULENT_TRANSFER,Fictional fraudulent transfer incident tied to Synthetic Phone Fraud probe 16.,L-000145,"SIPCOT, Chennai",CEN-CRIME-UNIT-01,P-000256,P-000964,P-000964,INV-0015,OPEN,HIGH
FIR-000631,CR-2026-2020,2026-04-18 20:47:59,2026-04-16 21:47:59,THEFT,Fictional theft incident tied to Synthetic Human Trafficking probe 20.,L-000176,"Auto Nagar, Krishnagiri",CYBER-CELL-01,P-000157,P-001933,P-000157,INV-0136,CLOSED,HIGH
FIR-000632,CR-2026-2002,2026-07-13 00:12:54,2026-07-10 19:12:54,EXTORTION,Fictional extortion incident tied to Synthetic Phone Fraud probe 02.,L-000053,"Bypass, Madurai",NORTH-POL-SEC,P-000481,P-000889,P-000641,INV-0058,CLOSED,CRITICAL
FIR-000633,CR-2026-2018,2026-02-02 15:16:30,2026-01-31 03:16:30,ASSAULT,Fictional assault incident tied to Synthetic Human Trafficking probe 18.,L-000012,"Bus Stand, Madurai",CEN-CRIME-UNIT-01,P-001748,P-001787,P-000046,INV-0107,OPEN,HIGH
FIR-000634,CR-2026-2008,2026-08-13 05:54:26,2026-08-11 01:54:26,FRAUDULENT_TRANSFER,Fictional fraudulent transfer incident tied to Synthetic Financial Fraud probe 08.,L-000072,"Warehouse Zone, Erode",SOUTH-POL-SEC,P-000786,P-001535,P-000409,INV-0055,OPEN,CRITICAL
FIR-000635,CR-2026-2012,2026-08-12 15:08:12,2026-08-11 14:08:12,SMUGGLING,Fictional smuggling incident tied to Synthetic Illegal Trade probe 12.,L-000159,"Residential Colony, Cuddalore",CEN-CRIME-UNIT-02,P-001951,P-000968,P-001951,INV-0085,OPEN,HIGH
FIR-000636,CR-2026-2009,2026-02-06 16:01:11,2026-02-06 05:01:11,EXTORTION,Fictional extortion incident tied to Synthetic Gold Smuggling probe 09.,L-000011,"Railway Station, Chennai",SOUTH-POL-SEC,P-001457,P-000360,P-000783,INV-0058,OPEN,CRITICAL
FIR-000637,CR-2026-2017,2026-08-25 21:50:44,2026-08-24 18:50:44,FINANCIAL_FRAUD,Fictional financial fraud incident tied to Synthetic Logistics Crime probe 17.,L-000147,"Port Area, Tiruchirappalli",CEN-CRIME-UNIT-01,P-001207,P-001042,P-001322,INV-0116,UNDER_REVIEW,HIGH
FIR-000638,CR-2026-2011,2026-07-13 09:45:59,2026-07-12 14:45:59,FINANCIAL_FRAUD,Fictional financial fraud incident tied to Synthetic Narcotics probe 11.,L-000092,"Old Town, Cuddalore",CEN-CRIME-UNIT-03,P-000005,P-000260,P-001380,INV-0045,CLOSED,HIGH
FIR-000639,CR-2026-2011,2026-06-13 06:26:45,2026-06-12 15:26:45,CROSS_BORDER_TRADE,Fictional cross border trade incident tied to Synthetic Narcotics probe 11.,L-000158,"Railway Station, Krishnagiri",CEN-CRIME-UNIT-02,P-000305,P-000870,P-000776,INV-0067,OPEN,HIGH
FIR-000640,CR-2026-2018,2026-05-14 08:08:09,2026-05-11 14:08:09,SMUGGLING,Fictional smuggling incident tied to Synthetic Human Trafficking probe 18.,L-000147,"Port Area, Tiruchirappalli",NARC-BUREAU-01,P-000106,P-000034,P-000535,INV-0134,OPEN,HIGH
FIR-000641,CR-2026-2013,2026-02-02 06:23:25,2026-01-31 00:23:25,FINANCIAL_FRAUD,Fictional financial fraud incident tied to Synthetic Narcotics probe 13.,L-000021,"Old Town, Coimbatore",EAST-INV-DIV,P-000360,P-001663,P-000891,INV-0049,UNDER_REVIEW,MEDIUM
FIR-000642,CR-2026-2002,2026-03-18 00:27:29,2026-03-16 20:27:29,EXTORTION,Fictional extortion incident tied to Synthetic Phone Fraud probe 02.,L-000105,"Bypass, Tirunelveli",CEN-CRIME-UNIT-02,P-001661,P-001324,P-000379,INV-0149,CLOSED,HIGH
FIR-000643,CR-2026-2014,2026-07-13 16:06:55,2026-07-11 19:06:55,FRAUDULENT_TRANSFER,Fictional fraudulent transfer incident tied to Synthetic Logistics Crime probe 14.,L-000192,"Bypass, Cuddalore",CEN-CRIME-UNIT-02,P-001555,P-001273,P-001766,INV-0103,UNDER_REVIEW,HIGH
FIR-000644,CR-2026-2017,2026-01-11 16:33:52,2026-01-11 11:33:52,THEFT,Fictional theft incident tied to Synthetic Logistics Crime probe 17.,L-000153,"University Road, Krishnagiri",FIN-CRIME-CELL,P-001972,P-001322,P-001042,INV-0142,OPEN,HIGH
FIR-000645,CR-2026-2002,2026-05-22 14:00:19,2026-05-21 05:00:19,SMUGGLING,Fictional smuggling incident tied to Synthetic Phone Fraud probe 02.,L-000033,"Old Town, Erode",NORTH-POL-SEC,P-001506,P-000379,P-001936,INV-0104,OPEN,MEDIUM
FIR-000646,CR-2026-2008,2026-02-07 09:23:05,2026-02-04 16:23:05,SMUGGLING,Fictional smuggling incident tied to Synthetic Financial Fraud probe 08.,L-000153,"University Road, Krishnagiri",CEN-CRIME-UNIT-02,P-000372,P-000056,P-000655,INV-0094,OPEN,HIGH
FIR-000647,CR-2026-2003,2026-09-04 10:29:42,2026-09-01 14:29:42,RECOVERY_NOTICE,Fictional recovery notice incident tied to Synthetic Gold Smuggling probe 03.,L-000009,"Highway Junction, Krishnagiri",EAST-INV-DIV,P-001115,P-001115,P-001620,INV-0011,OPEN,HIGH
FIR-000648,CR-2026-2001,2026-01-18 10:50:57,2026-01-16 14:50:57,EXTORTION,Fictional extortion incident tied to Synthetic Cyber Fraud probe 01.,L-000113,"Old Town, Tirunelveli",CEN-CRIME-UNIT-01,P-000023,P-000248,P-001448,INV-0019,UNDER_REVIEW,CRITICAL
FIR-000649,CR-2026-2019,2026-02-21 14:51:19,2026-02-19 13:51:19,EXTORTION,Fictional extortion incident tied to Synthetic Financial Fraud probe 19.,L-000105,"Bypass, Tirunelveli",WEST-INV-DIV,P-000211,P-001948,P-001631,INV-0068,OPEN,LOW
FIR-000650,CR-2026-2019,2026-07-16 11:12:50,2026-07-14 03:12:50,FINANCIAL_FRAUD,Fictional financial fraud incident tied to Synthetic Financial Fraud probe 19.,L-000110,"Textile Market, Tirunelveli",EAST-INV-DIV,P-001631,P-001937,P-000984,INV-0120,CLOSED,HIGH
FIR-000651,CR-2026-2002,2026-06-03 01:24:54,2026-05-31 22:24:54,ASSAULT,Fictional assault incident tied to Synthetic Phone Fraud probe 02.,L-000072,"Warehouse Zone, Erode",FIN-CRIME-CELL,P-001622,P-001324,P-000481,INV-0156,OPEN,HIGH
FIR-000652,CR-2026-2010,2026-07-10 00:08:58,2026-07-08 21:08:58,RECOVERY_NOTICE,Fictional recovery notice incident tied to Synthetic Vehicle Theft probe 10.,L-000072,"Warehouse Zone, Erode",SOUTH-POL-SEC,P-001625,P-001603,P-001546,INV-0081,OPEN,MEDIUM
FIR-000653,CR-2026-2012,2026-02-09 15:24:00,2026-02-09 11:24:00,CROSS_BORDER_TRADE,Fictional cross border trade incident tied to Synthetic Illegal Trade probe 12.,L-000023,"Bus Stand, Kanniyakumari",EAST-INV-DIV,P-000210,P-000488,P-000760,INV-0004,OPEN,MEDIUM
FIR-000654,CR-2026-2018,2026-07-16 21:56:39,2026-07-15 06:56:39,THEFT,Fictional theft incident tied to Synthetic Human Trafficking probe 18.,L-000197,"IT Park, Tirunelveli",CEN-CRIME-UNIT-03,P-000034,P-001752,P-000837,INV-0061,OPEN,CRITICAL
FIR-000655,CR-2026-2001,2026-05-09 09:34:38,2026-05-08 10:34:38,CROSS_BORDER_TRADE,Fictional cross border trade incident tied to Synthetic Cyber Fraud probe 01.,L-000116,"Highway Junction, Vellore",WEST-INV-DIV,P-001884,P-000981,P-000248,INV-0005,UNDER_REVIEW,CRITICAL
FIR-000656,CR-2026-2007,2026-06-19 13:17:19,2026-06-18 13:17:19,FRAUDULENT_TRANSFER,Fictional fraudulent transfer incident tied to Synthetic Cyber Fraud probe 07.,L-000052,"Bus Stand, Erode",WEST-INV-DIV,P-000156,P-000666,P-001402,INV-0081,UNDER_REVIEW,CRITICAL
FIR-000657,CR-2026-2005,2026-07-21 19:26:01,2026-07-20 21:26:01,SMUGGLING,Fictional smuggling incident tied to Synthetic Financial Fraud probe 05.,L-000170,"Bus Stand, Karur",CEN-CRIME-UNIT-03,P-000843,P-001921,P-001832,INV-0081,OPEN,HIGH
FIR-000658,CR-2026-2002,2026-07-14 13:17:04,2026-07-12 08:17:04,CROSS_BORDER_TRADE,Fictional cross border trade incident tied to Synthetic Phone Fraud probe 02.,L-000153,"University Road, Krishnagiri",EAST-INV-DIV,P-000352,P-001076,P-000554,INV-0107,OPEN,CRITICAL
FIR-000659,CR-2026-2008,2026-03-09 21:02:54,2026-03-08 19:02:54,SMUGGLING,Fictional smuggling incident tied to Synthetic Financial Fraud probe 08.,L-000077,"Textile Market, Coimbatore",CYBER-CELL-01,P-001263,P-000548,P-000786,INV-0041,CLOSED,LOW
FIR-000660,CR-2026-2003,2026-04-07 08:24:08,2026-04-05 18:24:08,SMUGGLING,Fictional smuggling incident tied to Synthetic Gold Smuggling probe 03.,L-000040,"University Road, Tirunelveli",CYBER-CELL-01,P-001826,P-000635,P-001329,INV-0138,CLOSED,HIGH
FIR-000661,CR-2026-2003,2026-08-03 08:59:20,2026-08-02 03:59:20,RECOVERY_NOTICE,Fictional recovery notice incident tied to Synthetic Gold Smuggling probe 03.,L-000014,"Auto Nagar, Nagapattinam",WEST-INV-DIV,P-000193,P-000205,P-001329,INV-0061,OPEN,CRITICAL
FIR-000662,CR-2026-2015,2026-02-06 20:48:50,2026-02-05 15:48:50,ASSAULT,Fictional assault incident tied to Synthetic Cyber Fraud probe 15.,L-000165,"Ring Road, Krishnagiri",EAST-INV-DIV,P-001967,P-001887,P-001294,INV-0023,CLOSED,HIGH
FIR-000663,CR-2026-2015,2026-08-20 07:03:05,2026-08-18 15:03:05,CROSS_BORDER_TRADE,Fictional cross border trade incident tied to Synthetic Cyber Fraud probe 15.,L-000188,"Railway Station, Chennai",NORTH-POL-SEC,P-001166,P-001967,P-001790,INV-0099,OPEN,CRITICAL
FIR-000664,CR-2026-2018,2026-08-25 08:17:41,2026-08-23 23:17:41,EXTORTION,Fictional extortion incident tied to Synthetic Human Trafficking probe 18.,L-000064,"Residential Colony, Karur",NARC-BUREAU-01,P-000936,P-001316,P-001734,INV-0120,OPEN,MEDIUM
FIR-000665,CR-2026-2016,2026-07-08 10:29:10,2026-07-07 18:29:10,RECOVERY_NOTICE,Fictional recovery notice incident tied to Synthetic Phone Fraud probe 16.,L-000016,"University Road, Karur",CEN-CRIME-UNIT-02,P-000197,P-000830,P-001072,INV-0092,CLOSED,CRITICAL
FIR-000666,CR-2026-2017,2026-04-04 12:44:18,2026-04-02 15:44:18,THEFT,Fictional theft incident tied to Synthetic Logistics Crime probe 17.,L-000115,"Port Area, Vellore",SOUTH-POL-SEC,P-000881,P-000563,P-000563,INV-0135,OPEN,HIGH
FIR-000667,CR-2026-2009,2026-04-03 00:04:47,2026-04-02 14:04:47,FINANCIAL_FRAUD,Fictional financial fraud incident tied to Synthetic Gold Smuggling probe 09.,L-000153,"University Road, Krishnagiri",SOUTH-POL-SEC,P-001229,P-000711,P-001360,INV-0035,CLOSED,CRITICAL
FIR-000668,CR-2026-2011,2026-01-09 06:56:56,2026-01-07 12:56:56,ASSAULT,Fictional assault incident tied to Synthetic Narcotics probe 11.,L-000147,"Port Area, Tiruchirappalli",FIN-CRIME-CELL,P-000870,P-000840,P-001759,INV-0072,UNDER_REVIEW,MEDIUM
FIR-000669,CR-2026-2002,2026-08-01 18:42:25,2026-07-31 18:42:25,FINANCIAL_FRAUD,Fictional financial fraud incident tied to Synthetic Phone Fraud probe 02.,L-000181,"Highway Junction, Chennai",CEN-CRIME-UNIT-03,P-001324,P-001661,P-001720,INV-0150,OPEN,HIGH
FIR-000670,CR-2026-2012,2026-08-13 23:08:53,2026-08-12 15:08:53,FINANCIAL_FRAUD,Fictional financial fraud incident tied to Synthetic Illegal Trade probe 12.,L-000077,"Textile Market, Coimbatore",SOUTH-POL-SEC,P-000488,P-001951,P-001239,INV-0105,CLOSED,HIGH
FIR-000671,CR-2026-2019,2026-08-25 12:05:58,2026-08-22 13:05:58,FRAUDULENT_TRANSFER,Fictional fraudulent transfer incident tied to Synthetic Financial Fraud probe 19.,L-000105,"Bypass, Tirunelveli",CEN-CRIME-UNIT-02,P-000984,P-001073,P-001636,INV-0105,OPEN,HIGH
FIR-000672,CR-2026-2002,2026-03-16 22:15:54,2026-03-14 03:15:54,EXTORTION,Fictional extortion incident tied to Synthetic Phone Fraud probe 02.,L-000180,"SIPCOT, Vellore",SOUTH-POL-SEC,P-000481,P-001264,P-001743,INV-0025,OPEN,HIGH
FIR-000673,CR-2026-2015,2026-03-27 20:59:10,2026-03-25 06:59:10,FRAUDULENT_TRANSFER,Fictional fraudulent transfer incident tied to Synthetic Cyber Fraud probe 15.,L-000052,"Bus Stand, Erode",SOUTH-POL-SEC,P-001240,P-001887,P-001853,INV-0050,OPEN,HIGH
FIR-000674,CR-2026-2012,2026-07-30 23:24:43,2026-07-29 21:24:43,CROSS_BORDER_TRADE,Fictional cross border trade incident tied to Synthetic Illegal Trade probe 12.,L-000147,"Port Area, Tiruchirappalli",NORTH-POL-SEC,P-001651,P-000472,P-000428,INV-0107,OPEN,CRITICAL
FIR-000675,CR-2026-2015,2026-08-31 08:25:26,2026-08-28 23:25:26,SMUGGLING,Fictional smuggling incident tied to Synthetic Cyber Fraud probe 15.,L-000096,"Warehouse Zone, Tiruchirappalli",CYBER-CELL-01,P-001240,P-001166,P-001653,INV-0130,OPEN,MEDIUM
FIR-000676,CR-2026-2004,2026-01-08 14:27:49,2026-01-06 10:27:49,EXTORTION,Fictional extortion incident tied to Synthetic Cyber Fraud probe 04.,L-000102,"Industrial Estate, Hosur",NARC-BUREAU-01,P-000555,P-001991,P-000323,INV-0140,CLOSED,HIGH
FIR-000677,CR-2026-2009,2026-02-13 16:07:07,2026-02-13 07:07:07,FRAUDULENT_TRANSFER,Fictional fraudulent transfer incident tied to Synthetic Gold Smuggling probe 09.,L-000079,"Warehouse Zone, Salem",WEST-INV-DIV,P-000783,P-001919,P-000786,INV-0012,OPEN,MEDIUM
FIR-000678,CR-2026-2013,2026-01-26 20:12:45,2026-01-23 20:12:45,SMUGGLING,Fictional smuggling incident tied to Synthetic Narcotics probe 13.,L-000151,"Warehouse Zone, Salem",CEN-CRIME-UNIT-01,P-000786,P-000894,P-001040,INV-0056,OPEN,CRITICAL
FIR-000679,CR-2026-2020,2026-01-15 07:30:19,2026-01-14 20:30:19,FINANCIAL_FRAUD,Fictional financial fraud incident tied to Synthetic Human Trafficking probe 20.,L-000021,"Old Town, Coimbatore",CEN-CRIME-UNIT-01,P-000535,P-000866,P-001933,INV-0079,CLOSED,CRITICAL
FIR-000680,CR-2026-2013,2026-06-24 16:26:50,2026-06-23 07:26:50,FINANCIAL_FRAUD,Fictional financial fraud incident tied to Synthetic Narcotics probe 13.,L-000082,"Highway Junction, Nagercoil",CYBER-CELL-01,P-001271,P-001849,P-000360,INV-0063,OPEN,HIGH
FIR-000681,CR-2026-2014,2026-08-04 10:27:10,2026-08-03 06:27:10,RECOVERY_NOTICE,Fictional recovery notice incident tied to Synthetic Logistics Crime probe 14.,L-000092,"Old Town, Cuddalore",CEN-CRIME-UNIT-02,P-000419,P-001682,P-001072,INV-0020,OPEN,HIGH
FIR-000682,CR-2026-2011,2026-07-03 13:11:32,2026-07-02 12:11:32,EXTORTION,Fictional extortion incident tied to Synthetic Narcotics probe 11.,L-000183,"Grain Market, Chennai",CEN-CRIME-UNIT-02,P-000385,P-001759,P-000554,INV-0145,OPEN,HIGH
FIR-000683,CR-2026-2003,2026-03-27 06:55:47,2026-03-25 08:55:47,EXTORTION,Fictional extortion incident tied to Synthetic Gold Smuggling probe 03.,L-000163,"SIPCOT, Hosur",CEN-CRIME-UNIT-01,P-000205,P-001329,P-001620,INV-0069,OPEN,HIGH
FIR-000684,CR-2026-2015,2026-05-14 13:49:30,2026-05-14 07:49:30,ASSAULT,Fictional assault incident tied to Synthetic Cyber Fraud probe 15.,L-000121,"Residential Colony, Nagercoil",FIN-CRIME-CELL,P-001790,P-001967,P-000865,INV-0075,CLOSED,HIGH
FIR-000685,CR-2026-2016,2026-01-21 20:55:27,2026-01-19 10:55:27,CROSS_BORDER_TRADE,Fictional cross border trade incident tied to Synthetic Phone Fraud probe 16.,L-000096,"Warehouse Zone, Tiruchirappalli",CEN-CRIME-UNIT-01,P-000673,P-001072,P-000413,INV-0085,CLOSED,CRITICAL
FIR-000686,CR-2026-2020,2026-04-19 22:15:49,2026-04-18 21:15:49,RECOVERY_NOTICE,Fictional recovery notice incident tied to Synthetic Human Trafficking probe 20.,L-000167,"Old Town, Dindigul",SOUTH-POL-SEC,P-000866,P-000157,P-000694,INV-0009,OPEN,CRITICAL
FIR-000687,CR-2026-2014,2026-02-13 04:35:17,2026-02-11 15:35:17,FRAUDULENT_TRANSFER,Fictional fraudulent transfer incident tied to Synthetic Logistics Crime probe 14.,L-000086,"Old Town, Kanniyakumari",CYBER-CELL-01,P-001146,P-001298,P-000704,INV-0034,OPEN,HIGH
FIR-000688,CR-2026-2001,2026-07-10 09:11:29,2026-07-09 02:11:29,EXTORTION,Fictional extortion incident tied to Synthetic Cyber Fraud probe 01.,L-000114,"Ring Road, Thanjavur",SOUTH-POL-SEC,P-001997,P-000248,P-001997,INV-0098,OPEN,HIGH
FIR-000689,CR-2026-2014,2026-04-28 07:53:35,2026-04-26 01:53:35,FRAUDULENT_TRANSFER,Fictional fraudulent transfer incident tied to Synthetic Logistics Crime probe 14.,L-000097,"Technology Park, Coimbatore",CYBER-CELL-01,P-000697,P-001706,P-000697,INV-0024,CLOSED,HIGH
FIR-000690,CR-2026-2005,2026-05-24 20:55:25,2026-05-24 01:55:25,ASSAULT,Fictional assault incident tied to Synthetic Financial Fraud probe 05.,L-000061,"Old Town, Tiruchirappalli",NORTH-POL-SEC,P-001231,P-001714,P-000187,INV-0042,OPEN,MEDIUM
FIR-000691,CR-2026-2004,2026-06-14 17:24:36,2026-06-14 05:24:36,SMUGGLING,Fictional smuggling incident tied to Synthetic Cyber Fraud probe 04.,L-000165,"Ring Road, Krishnagiri",CYBER-CELL-01,P-001747,P-000319,P-001133,INV-0043,CLOSED,HIGH
FIR-000692,CR-2026-2015,2026-02-03 23:21:42,2026-02-01 06:21:42,FRAUDULENT_TRANSFER,Fictional fraudulent transfer incident tied to Synthetic Cyber Fraud probe 15.,L-000167,"Old Town, Dindigul",CEN-CRIME-UNIT-02,P-001887,P-001967,P-001967,INV-0133,OPEN,HIGH
FIR-000693,CR-2026-2008,2026-06-23 07:24:42,2026-06-21 03:24:42,FINANCIAL_FRAUD,Fictional financial fraud incident tied to Synthetic Financial Fraud probe 08.,L-000125,"Textile Market, Hosur",WEST-INV-DIV,P-000786,P-000056,P-000548,INV-0151,CLOSED,CRITICAL
FIR-000694,CR-2026-2001,2026-08-23 16:35:54,2026-08-21 16:35:54,FRAUDULENT_TRANSFER,Fictional fraudulent transfer incident tied to Synthetic Cyber Fraud probe 01.,L-000083,"Auto Nagar, Hosur",FIN-CRIME-CELL,P-000626,P-001997,P-001997,INV-0099,OPEN,HIGH
FIR-000695,CR-2026-2020,2026-02-24 00:09:42,2026-02-21 21:09:42,EXTORTION,Fictional extortion incident tied to Synthetic Human Trafficking probe 20.,L-000169,"University Road, Tirunelveli",NARC-BUREAU-01,P-001112,P-001406,P-000600,INV-0137,UNDER_REVIEW,CRITICAL
FIR-000696,CR-2026-2016,2026-06-26 21:29:21,2026-06-24 02:29:21,SMUGGLING,Fictional smuggling incident tied to Synthetic Phone Fraud probe 16.,L-000044,"Old Town, Cuddalore",EAST-INV-DIV,P-000430,P-001126,P-001720,INV-0134,OPEN,HIGH
FIR-000697,CR-2026-2018,2026-07-19 06:54:19,2026-07-18 15:54:19,ASSAULT,Fictional assault incident tied to Synthetic Human Trafficking probe 18.,L-000188,"Railway Station, Chennai",CEN-CRIME-UNIT-03,P-000535,P-000535,P-000034,INV-0014,OPEN,HIGH
FIR-000698,CR-2026-2014,2026-06-25 05:00:54,2026-06-24 11:00:54,THEFT,Fictional theft incident tied to Synthetic Logistics Crime probe 14.,L-000012,"Bus Stand, Madurai",SOUTH-POL-SEC,P-001747,P-000419,P-001072,INV-0153,OPEN,HIGH
FIR-000699,CR-2026-2003,2026-06-09 18:50:20,2026-06-09 00:50:20,EXTORTION,Fictional extortion incident tied to Synthetic Gold Smuggling probe 03.,L-000046,"Bus Stand, Thanjavur",CYBER-CELL-01,P-001620,P-001115,P-001115,INV-0017,OPEN,CRITICAL
FIR-000700,CR-2026-2004,2026-03-23 00:11:29,2026-03-21 08:11:29,ASSAULT,Fictional assault incident tied to Synthetic Cyber Fraud probe 04.,L-000016,"University Road, Karur",WEST-INV-DIV,P-001133,P-001788,P-000608,INV-0041,UNDER_REVIEW,MEDIUM
FIR-000701,CR-2026-2018,2026-04-28 10:57:02,2026-04-27 07:57:02,FINANCIAL_FRAUD,Fictional financial fraud incident tied to Synthetic Human Trafficking probe 18.,L-000147,"Port Area, Tiruchirappalli",CEN-CRIME-UNIT-01,P-000034,P-001787,P-001752,INV-0141,OPEN,LOW
FIR-000702,CR-2026-2016,2026-04-03 16:11:06,2026-03-31 20:11:06,THEFT,Fictional theft incident tied to Synthetic Phone Fraud probe 16.,L-000020,"Residential Colony, Karur",CYBER-CELL-01,P-000010,P-001644,P-000197,INV-0057,UNDER_REVIEW,HIGH
FIR-000703,CR-2026-2014,2026-03-14 02:13:23,2026-03-13 08:13:23,EXTORTION,Fictional extortion incident tied to Synthetic Logistics Crime probe 14.,L-000072,"Warehouse Zone, Erode",CEN-CRIME-UNIT-03,P-000712,P-001917,P-001072,INV-0138,CLOSED,MEDIUM
FIR-000704,CR-2026-2006,2026-08-23 00:49:30,2026-08-20 10:49:30,SMUGGLING,Fictional smuggling incident tied to Synthetic Logistics Crime probe 06.,L-000020,"Residential Colony, Karur",EAST-INV-DIV,P-000720,P-000720,P-000720,INV-0116,OPEN,MEDIUM
FIR-000705,CR-2026-2011,2026-02-22 00:18:37,2026-02-21 01:18:37,FRAUDULENT_TRANSFER,Fictional fraudulent transfer incident tied to Synthetic Narcotics probe 11.,L-000079,"Warehouse Zone, Salem",CEN-CRIME-UNIT-02,P-000385,P-001759,P-000260,INV-0110,CLOSED,MEDIUM
FIR-000706,CR-2026-2011,2026-03-01 03:52:07,2026-02-26 07:52:07,SMUGGLING,Fictional smuggling incident tied to Synthetic Narcotics probe 11.,L-000014,"Auto Nagar, Nagapattinam",CEN-CRIME-UNIT-01,P-000260,P-000385,P-001526,INV-0022,UNDER_REVIEW,HIGH
FIR-000707,CR-2026-2007,2026-01-10 01:57:36,2026-01-07 14:57:36,THEFT,Fictional theft incident tied to Synthetic Cyber Fraud probe 07.,L-000114,"Ring Road, Thanjavur",CEN-CRIME-UNIT-01,P-000156,P-001402,P-000192,INV-0140,CLOSED,HIGH
FIR-000708,CR-2026-2011,2026-04-07 20:12:49,2026-04-05 16:12:49,FINANCIAL_FRAUD,Fictional financial fraud incident tied to Synthetic Narcotics probe 11.,L-000054,"Warehouse Zone, Cuddalore",CEN-CRIME-UNIT-01,P-000260,P-001293,P-000005,INV-0029,UNDER_REVIEW,HIGH
FIR-000709,CR-2026-2011,2026-05-29 21:01:04,2026-05-27 06:01:04,EXTORTION,Fictional extortion incident tied to Synthetic Narcotics probe 11.,L-000105,"Bypass, Tirunelveli",CEN-CRIME-UNIT-03,P-000840,P-000870,P-001293,INV-0127,UNDER_REVIEW,LOW
FIR-000710,CR-2026-2012,2026-07-29 18:47:19,2026-07-27 01:47:19,THEFT,Fictional theft incident tied to Synthetic Illegal Trade probe 12.,L-000077,"Textile Market, Coimbatore",CEN-CRIME-UNIT-01,P-001104,P-001104,P-001951,INV-0109,OPEN,MEDIUM
FIR-000711,CR-2026-2012,2026-02-21 13:25:18,2026-02-19 04:25:18,SMUGGLING,Fictional smuggling incident tied to Synthetic Illegal Trade probe 12.,L-000160,"Industrial Estate, Thoothukudi",CEN-CRIME-UNIT-03,P-001651,P-001382,P-001651,INV-0071,CLOSED,HIGH
FIR-000712,CR-2026-2017,2026-03-22 06:10:52,2026-03-20 01:10:52,RECOVERY_NOTICE,Fictional recovery notice incident tied to Synthetic Logistics Crime probe 17.,L-000056,"Warehouse Zone, Nagercoil",CEN-CRIME-UNIT-03,P-000697,P-001914,P-001058,INV-0006,CLOSED,CRITICAL
FIR-000713,CR-2026-2003,2026-08-10 20:05:37,2026-08-10 04:05:37,FRAUDULENT_TRANSFER,Fictional fraudulent transfer incident tied to Synthetic Gold Smuggling probe 03.,L-000147,"Port Area, Tiruchirappalli",CEN-CRIME-UNIT-03,P-001329,P-001115,P-000635,INV-0074,CLOSED,CRITICAL
FIR-000714,CR-2026-2013,2026-04-25 13:38:40,2026-04-24 18:38:40,RECOVERY_NOTICE,Fictional recovery notice incident tied to Synthetic Narcotics probe 13.,L-000153,"University Road, Krishnagiri",CEN-CRIME-UNIT-03,P-000781,P-000786,P-000891,INV-0048,OPEN,HIGH
FIR-000715,CR-2026-2002,2026-05-17 06:04:12,2026-05-16 06:04:12,CROSS_BORDER_TRADE,Fictional cross border trade incident tied to Synthetic Phone Fraud probe 02.,L-000114,"Ring Road, Thanjavur",NORTH-POL-SEC,P-001936,P-001658,P-001479,INV-0110,CLOSED,CRITICAL
FIR-000716,CR-2026-2015,2026-03-19 03:00:23,2026-03-17 08:00:23,EXTORTION,Fictional extortion incident tied to Synthetic Cyber Fraud probe 15.,L-000121,"Residential Colony, Nagercoil",CYBER-CELL-01,P-001790,P-001790,P-000017,INV-0140,UNDER_REVIEW,HIGH
FIR-000717,CR-2026-2010,2026-04-13 02:45:51,2026-04-10 12:45:51,THEFT,Fictional theft incident tied to Synthetic Vehicle Theft probe 10.,L-000130,"Auto Nagar, Nagapattinam",CEN-CRIME-UNIT-03,P-001281,P-001546,P-001603,INV-0020,OPEN,HIGH
FIR-000718,CR-2026-2003,2026-02-23 22:03:48,2026-02-22 01:03:48,CROSS_BORDER_TRADE,Fictional cross border trade incident tied to Synthetic Gold Smuggling probe 03.,L-000021,"Old Town, Coimbatore",FIN-CRIME-CELL,P-001620,P-000205,P-001826,INV-0066,OPEN,CRITICAL
FIR-000719,CR-2026-2019,2026-07-11 10:55:14,2026-07-09 21:55:14,EXTORTION,Fictional extortion incident tied to Synthetic Financial Fraud probe 19.,L-000057,"Warehouse Zone, Vellore",EAST-INV-DIV,P-000211,P-000984,P-001949,INV-0067,OPEN,MEDIUM
FIR-000720,CR-2026-2013,2026-01-21 07:40:07,2026-01-19 09:40:07,FRAUDULENT_TRANSFER,Fictional fraudulent transfer incident tied to Synthetic Narcotics probe 13.,L-000168,"Grain Market, Salem",FIN-CRIME-CELL,P-001933,P-000360,P-000511,INV-0076,OPEN,CRITICAL
FIR-000721,CR-2026-2015,2026-04-27 13:37:16,2026-04-26 03:37:16,FRAUDULENT_TRANSFER,Fictional fraudulent transfer incident tied to Synthetic Cyber Fraud probe 15.,L-000193,"Grain Market, Tirunelveli",CYBER-CELL-01,P-000510,P-001653,P-000983,INV-0145,OPEN,HIGH
FIR-000722,CR-2026-2015,2026-07-02 18:55:06,2026-07-02 03:55:06,RECOVERY_NOTICE,Fictional recovery notice incident tied to Synthetic Cyber Fraud probe 15.,L-000096,"Warehouse Zone, Tiruchirappalli",CEN-CRIME-UNIT-01,P-001967,P-001853,P-000017,INV-0154,OPEN,MEDIUM
FIR-000723,CR-2026-2016,2026-06-09 07:58:00,2026-06-08 16:58:00,SMUGGLING,Fictional smuggling incident tied to Synthetic Phone Fraud probe 16.,L-000082,"Highway Junction, Nagercoil",SOUTH-POL-SEC,P-001126,P-000430,P-000673,INV-0121,CLOSED,HIGH
FIR-000724,CR-2026-2020,2026-02-20 16:29:01,2026-02-18 05:29:01,FRAUDULENT_TRANSFER,Fictional fraudulent transfer incident tied to Synthetic Human Trafficking probe 20.,L-000026,"Bypass, Krishnagiri",NORTH-POL-SEC,P-000041,P-001035,P-001817,INV-0009,OPEN,MEDIUM
FIR-000725,CR-2026-2020,2026-03-10 18:06:36,2026-03-10 09:06:36,FRAUDULENT_TRANSFER,Fictional fraudulent transfer incident tied to Synthetic Human Trafficking probe 20.,L-000188,"Railway Station, Chennai",CEN-CRIME-UNIT-02,P-001357,P-000001,P-001112,INV-0069,OPEN,CRITICAL
FIR-000726,CR-2026-2014,2026-01-13 00:49:39,2026-01-11 14:49:39,CROSS_BORDER_TRADE,Fictional cross border trade incident tied to Synthetic Logistics Crime probe 14.,L-000113,"Old Town, Tirunelveli",CEN-CRIME-UNIT-01,P-000335,P-000419,P-000765,INV-0141,OPEN,MEDIUM
FIR-000727,CR-2026-2017,2026-04-25 11:44:49,2026-04-24 22:44:49,FINANCIAL_FRAUD,Fictional financial fraud incident tied to Synthetic Logistics Crime probe 17.,L-000087,"IT Park, Cuddalore",SOUTH-POL-SEC,P-001914,P-000922,P-001515,INV-0036,CLOSED,HIGH
FIR-000728,CR-2026-2018,2026-08-23 06:23:04,2026-08-22 09:23:04,SMUGGLING,Fictional smuggling incident tied to Synthetic Human Trafficking probe 18.,L-000153,"University Road, Krishnagiri",NARC-BUREAU-01,P-001187,P-001775,P-000936,INV-0082,OPEN,CRITICAL
FIR-000729,CR-2026-2001,2026-05-24 01:04:33,2026-05-21 19:04:33,EXTORTION,Fictional extortion incident tied to Synthetic Cyber Fraud probe 01.,L-000007,"Ring Road, Krishnagiri",NORTH-POL-SEC,P-000248,P-001447,P-000023,INV-0085,OPEN,HIGH
FIR-000730,CR-2026-2017,2026-05-27 17:47:19,2026-05-27 13:47:19,SMUGGLING,Fictional smuggling incident tied to Synthetic Logistics Crime probe 17.,L-000120,"SIPCOT, Nagapattinam",SOUTH-POL-SEC,P-000697,P-000824,P-001207,INV-0113,OPEN,HIGH
FIR-000731,CR-2026-2018,2026-02-11 19:52:22,2026-02-11 01:52:22,FINANCIAL_FRAUD,Fictional financial fraud incident tied to Synthetic Human Trafficking probe 18.,L-000081,"Textile Market, Karur",NORTH-POL-SEC,P-000938,P-001436,P-001860,INV-0041,CLOSED,LOW
FIR-000732,CR-2026-2010,2026-06-12 00:14:24,2026-06-11 15:14:24,CROSS_BORDER_TRADE,Fictional cross border trade incident tied to Synthetic Vehicle Theft probe 10.,L-000067,"Market Road, Nagercoil",CEN-CRIME-UNIT-01,P-001273,P-001110,P-001710,INV-0108,UNDER_REVIEW,MEDIUM
FIR-000733,CR-2026-2010,2026-08-04 10:38:49,2026-08-01 17:38:49,ASSAULT,Fictional assault incident tied to Synthetic Vehicle Theft probe 10.,L-000096,"Warehouse Zone, Tiruchirappalli",CYBER-CELL-01,P-001685,P-000473,P-000034,INV-0127,OPEN,HIGH
FIR-000734,CR-2026-2007,2026-04-19 17:25:50,2026-04-17 09:25:50,THEFT,Fictional theft incident tied to Synthetic Cyber Fraud probe 07.,L-000044,"Old Town, Cuddalore",CYBER-CELL-01,P-001042,P-001847,P-001042,INV-0159,OPEN,MEDIUM
FIR-000735,CR-2026-2017,2026-04-24 09:01:51,2026-04-22 17:01:51,SMUGGLING,Fictional smuggling incident tied to Synthetic Logistics Crime probe 17.,L-000077,"Textile Market, Coimbatore",SOUTH-POL-SEC,P-001207,P-001914,P-000922,INV-0027,OPEN,HIGH
FIR-000736,CR-2026-2004,2026-06-11 12:07:37,2026-06-08 15:07:37,THEFT,Fictional theft incident tied to Synthetic Cyber Fraud probe 04.,L-000073,"Residential Colony, Hosur",CEN-CRIME-UNIT-01,P-000323,P-001420,P-001559,INV-0104,OPEN,HIGH
FIR-000737,CR-2026-2002,2026-06-20 05:05:58,2026-06-18 15:05:58,THEFT,Fictional theft incident tied to Synthetic Phone Fraud probe 02.,L-000114,"Ring Road, Thanjavur",SOUTH-POL-SEC,P-001380,P-000193,P-000554,INV-0143,OPEN,CRITICAL
FIR-000738,CR-2026-2014,2026-05-10 03:55:21,2026-05-07 12:55:21,EXTORTION,Fictional extortion incident tied to Synthetic Logistics Crime probe 14.,L-000043,"Textile Market, Karur",SOUTH-POL-SEC,P-001146,P-001851,P-000043,INV-0078,UNDER_REVIEW,HIGH
FIR-000739,CR-2026-2011,2026-08-21 23:22:59,2026-08-20 08:22:59,FINANCIAL_FRAUD,Fictional financial fraud incident tied to Synthetic Narcotics probe 11.,L-000141,"Textile Market, Salem",WEST-INV-DIV,P-001759,P-000776,P-000870,INV-0026,CLOSED,MEDIUM
FIR-000740,CR-2026-2018,2026-05-11 15:01:28,2026-05-09 20:01:28,CROSS_BORDER_TRADE,Fictional cross border trade incident tied to Synthetic Human Trafficking probe 18.,L-000172,"Warehouse Zone, Chennai",CYBER-CELL-01,P-000938,P-001769,P-000936,INV-0076,OPEN,HIGH
FIR-000741,CR-2026-2015,2026-08-12 03:00:34,2026-08-10 07:00:34,ASSAULT,Fictional assault incident tied to Synthetic Cyber Fraud probe 15.,L-000074,"IT Park, Chennai",NARC-BUREAU-01,P-000983,P-001853,P-001240,INV-0105,CLOSED,HIGH
FIR-000742,CR-2026-2010,2026-05-11 07:42:30,2026-05-10 16:42:30,RECOVERY_NOTICE,Fictional recovery notice incident tied to Synthetic Vehicle Theft probe 10.,L-000105,"Bypass, Tirunelveli",NORTH-POL-SEC,P-001273,P-000034,P-001110,INV-0036,UNDER_REVIEW,HIGH
FIR-000743,CR-2026-2010,2026-04-13 22:57:12,2026-04-13 09:57:12,FRAUDULENT_TRANSFER,Fictional fraudulent transfer incident tied to Synthetic Vehicle Theft probe 10.,L-000165,"Ring Road, Krishnagiri",NARC-BUREAU-01,P-000134,P-001685,P-001710,INV-0074,OPEN,HIGH
FIR-000744,CR-2026-2009,2026-06-06 22:00:01,2026-06-05 11:00:01,CROSS_BORDER_TRADE,Fictional cross border trade incident tied to Synthetic Gold Smuggling probe 09.,L-000114,"Ring Road, Thanjavur",CEN-CRIME-UNIT-01,P-001457,P-001360,P-000479,INV-0123,CLOSED,MEDIUM
FIR-000745,CR-2026-2015,2026-04-29 03:59:49,2026-04-26 11:59:49,ASSAULT,Fictional assault incident tied to Synthetic Cyber Fraud probe 15.,L-000021,"Old Town, Coimbatore",CEN-CRIME-UNIT-02,P-001653,P-000017,P-001773,INV-0061,UNDER_REVIEW,CRITICAL
FIR-000746,CR-2026-2018,2026-01-12 03:38:14,2026-01-10 18:38:14,THEFT,Fictional theft incident tied to Synthetic Human Trafficking probe 18.,L-000072,"Warehouse Zone, Erode",SOUTH-POL-SEC,P-001769,P-001734,P-001734,INV-0074,UNDER_REVIEW,CRITICAL
FIR-000747,CR-2026-2016,2026-06-27 17:17:37,2026-06-25 04:17:37,ASSAULT,Fictional assault incident tied to Synthetic Phone Fraud probe 16.,L-000133,"Old Town, Kanniyakumari",CEN-CRIME-UNIT-02,P-000256,P-000256,P-000010,INV-0113,UNDER_REVIEW,MEDIUM
FIR-000748,CR-2026-2019,2026-04-11 08:11:30,2026-04-08 12:11:30,FRAUDULENT_TRANSFER,Fictional fraudulent transfer incident tied to Synthetic Financial Fraud probe 19.,L-000053,"Bypass, Madurai",CYBER-CELL-01,P-000804,P-000804,P-000804,INV-0081,OPEN,HIGH
FIR-000749,CR-2026-2011,2026-08-04 13:57:33,2026-08-04 03:57:33,RECOVERY_NOTICE,Fictional recovery notice incident tied to Synthetic Narcotics probe 11.,L-000153,"University Road, Krishnagiri",CEN-CRIME-UNIT-03,P-000575,P-000870,P-000603,INV-0094,CLOSED,HIGH
FIR-000750,CR-2026-2010,2026-07-06 16:04:23,2026-07-04 11:04:23,THEFT,Fictional theft incident tied to Synthetic Vehicle Theft probe 10.,L-000082,"Highway Junction, Nagercoil",WEST-INV-DIV,P-000473,P-000393,P-000134,INV-0087,CLOSED,CRITICAL
FIR-000751,CR-2026-2019,2026-05-25 12:22:28,2026-05-24 14:22:28,SMUGGLING,Fictional smuggling incident tied to Synthetic Financial Fraud probe 19.,L-000096,"Warehouse Zone, Tiruchirappalli",EAST-INV-DIV,P-001631,P-001636,P-001937,INV-0092,CLOSED,MEDIUM
FIR-000752,CR-2026-2008,2026-08-08 01:12:51,2026-08-07 09:12:51,CROSS_BORDER_TRADE,Fictional cross border trade incident tied to Synthetic Financial Fraud probe 08.,L-000151,"Warehouse Zone, Salem",CEN-CRIME-UNIT-03,P-000786,P-000409,P-000548,INV-0135,OPEN,HIGH
FIR-000753,CR-2026-2017,2026-06-26 01:46:29,2026-06-23 11:46:29,FINANCIAL_FRAUD,Fictional financial fraud incident tied to Synthetic Logistics Crime probe 17.,L-000090,"Warehouse Zone, Salem",CEN-CRIME-UNIT-02,P-001207,P-000889,P-001635,INV-0083,OPEN,CRITICAL
FIR-000754,CR-2026-2012,2026-08-26 07:47:19,2026-08-23 08:47:19,THEFT,Fictional theft incident tied to Synthetic Illegal Trade probe 12.,L-000077,"Textile Market, Coimbatore",CEN-CRIME-UNIT-03,P-001239,P-001951,P-000472,INV-0002,UNDER_REVIEW,LOW
FIR-000755,CR-2026-2017,2026-02-10 00:56:50,2026-02-09 07:56:50,ASSAULT,Fictional assault incident tied to Synthetic Logistics Crime probe 17.,L-000035,"Highway Junction, Kanniyakumari",NARC-BUREAU-01,P-000562,P-000933,P-001972,INV-0131,CLOSED,CRITICAL
FIR-000756,CR-2026-2008,2026-03-31 00:43:05,2026-03-29 03:43:05,ASSAULT,Fictional assault incident tied to Synthetic Financial Fraud probe 08.,L-000034,"Technology Park, Erode",SOUTH-POL-SEC,P-001263,P-000056,P-000652,INV-0122,UNDER_REVIEW,HIGH
FIR-000757,CR-2026-2014,2026-05-09 13:51:12,2026-05-08 01:51:12,SMUGGLING,Fictional smuggling incident tied to Synthetic Logistics Crime probe 14.,L-000184,"Market Road, Madurai",CEN-CRIME-UNIT-03,P-001995,P-000551,P-001706,INV-0037,CLOSED,MEDIUM
FIR-000758,CR-2026-2001,2026-09-02 22:48:20,2026-08-31 22:48:20,ASSAULT,Fictional assault incident tied to Synthetic Cyber Fraud probe 01.,L-000165,"Ring Road, Krishnagiri",NARC-BUREAU-01,P-000464,P-001884,P-000626,INV-0091,UNDER_REVIEW,HIGH
FIR-000759,CR-2026-2012,2026-04-09 12:13:47,2026-04-07 03:13:47,THEFT,Fictional theft incident tied to Synthetic Illegal Trade probe 12.,L-000121,"Residential Colony, Nagercoil",FIN-CRIME-CELL,P-000488,P-000615,P-000968,INV-0157,UNDER_REVIEW,MEDIUM
FIR-000760,CR-2026-2010,2026-03-03 13:20:25,2026-03-02 03:20:25,FINANCIAL_FRAUD,Fictional financial fraud incident tied to Synthetic Vehicle Theft probe 10.,L-000016,"University Road, Karur",CEN-CRIME-UNIT-03,P-001710,P-001625,P-001273,INV-0040,CLOSED,MEDIUM
FIR-000761,CR-2026-2004,2026-04-01 14:51:52,2026-03-30 06:51:52,SMUGGLING,Fictional smuggling incident tied to Synthetic Cyber Fraud probe 04.,L-000114,"Ring Road, Thanjavur",SOUTH-POL-SEC,P-000064,P-001371,P-001371,INV-0058,CLOSED,HIGH
FIR-000762,CR-2026-2018,2026-06-12 07:08:52,2026-06-11 08:08:52,SMUGGLING,Fictional smuggling incident tied to Synthetic Human Trafficking probe 18.,L-000180,"SIPCOT, Vellore",WEST-INV-DIV,P-000529,P-000175,P-001436,INV-0074,OPEN,HIGH
FIR-000763,CR-2026-2019,2026-04-24 22:01:48,2026-04-22 15:01:48,CROSS_BORDER_TRADE,Fictional cross border trade incident tied to Synthetic Financial Fraud probe 19.,L-000052,"Bus Stand, Erode",CEN-CRIME-UNIT-03,P-000804,P-001949,P-001910,INV-0018,CLOSED,LOW
FIR-000764,CR-2026-2016,2026-02-11 10:17:51,2026-02-10 08:17:51,FRAUDULENT_TRANSFER,Fictional fraudulent transfer incident tied to Synthetic Phone Fraud probe 16.,L-000135,"Market Road, Kanniyakumari",NORTH-POL-SEC,P-000092,P-001231,P-000938,INV-0124,UNDER_REVIEW,HIGH
FIR-000765,CR-2026-2002,2026-07-24 13:23:05,2026-07-22 21:23:05,EXTORTION,Fictional extortion incident tied to Synthetic Phone Fraud probe 02.,L-000089,"Ring Road, Krishnagiri",NORTH-POL-SEC,P-000504,P-000193,P-001658,INV-0131,OPEN,HIGH
FIR-000766,CR-2026-2015,2026-08-06 15:50:47,2026-08-04 03:50:47,SMUGGLING,Fictional smuggling incident tied to Synthetic Cyber Fraud probe 15.,L-000023,"Bus Stand, Kanniyakumari",CEN-CRIME-UNIT-01,P-001773,P-001166,P-001166,INV-0046,CLOSED,MEDIUM
FIR-000767,CR-2026-2007,2026-04-17 10:24:57,2026-04-14 13:24:57,ASSAULT,Fictional assault incident tied to Synthetic Cyber Fraud probe 07.,L-000090,"Warehouse Zone, Salem",CEN-CRIME-UNIT-02,P-001689,P-001278,P-001298,INV-0132,CLOSED,HIGH
FIR-000768,CR-2026-2020,2026-08-24 14:07:23,2026-08-23 20:07:23,THEFT,Fictional theft incident tied to Synthetic Human Trafficking probe 20.,L-000052,"Bus Stand, Erode",FIN-CRIME-CELL,P-000694,P-001817,P-001357,INV-0040,OPEN,HIGH
FIR-000769,CR-2026-2006,2026-01-13 06:12:38,2026-01-12 08:12:38,THEFT,Fictional theft incident tied to Synthetic Logistics Crime probe 06.,L-000051,"Port Area, Nagapattinam",NORTH-POL-SEC,P-000080,P-000689,P-000689,INV-0050,OPEN,MEDIUM
FIR-000770,CR-2026-2017,2026-08-12 12:57:34,2026-08-10 18:57:34,RECOVERY_NOTICE,Fictional recovery notice incident tied to Synthetic Logistics Crime probe 17.,L-000147,"Port Area, Tiruchirappalli",FIN-CRIME-CELL,P-000922,P-001058,P-001207,INV-0081,OPEN,MEDIUM
FIR-000771,CR-2026-2003,2026-07-17 17:00:44,2026-07-16 10:00:44,ASSAULT,Fictional assault incident tied to Synthetic Gold Smuggling probe 03.,L-000012,"Bus Stand, Madurai",NORTH-POL-SEC,P-001115,P-000595,P-000635,INV-0005,CLOSED,MEDIUM
FIR-000772,CR-2026-2013,2026-04-11 00:13:18,2026-04-09 11:13:18,RECOVERY_NOTICE,Fictional recovery notice incident tied to Synthetic Narcotics probe 13.,L-000009,"Highway Junction, Krishnagiri",WEST-INV-DIV,P-001490,P-000742,P-001935,INV-0131,OPEN,MEDIUM
FIR-000773,CR-2026-2010,2026-02-03 09:18:58,2026-02-01 16:18:58,ASSAULT,Fictional assault incident tied to Synthetic Vehicle Theft probe 10.,L-000153,"University Road, Krishnagiri",CYBER-CELL-01,P-001387,P-000034,P-000034,INV-0116,CLOSED,HIGH
FIR-000774,CR-2026-2001,2026-05-15 09:18:30,2026-05-15 02:18:30,SMUGGLING,Fictional smuggling incident tied to Synthetic Cyber Fraud probe 01.,L-000136,"Bus Stand, Dindigul",CEN-CRIME-UNIT-02,P-000464,P-001884,P-000464,INV-0047,OPEN,CRITICAL
FIR-000775,CR-2026-2009,2026-01-17 12:44:44,2026-01-16 06:44:44,CROSS_BORDER_TRADE,Fictional cross border trade incident tied to Synthetic Gold Smuggling probe 09.,L-000077,"Textile Market, Coimbatore",CEN-CRIME-UNIT-01,P-001168,P-000355,P-001588,INV-0002,OPEN,HIGH
FIR-000776,CR-2026-2015,2026-03-18 19:03:16,2026-03-17 18:03:16,EXTORTION,Fictional extortion incident tied to Synthetic Cyber Fraud probe 15.,L-000089,"Ring Road, Krishnagiri",CYBER-CELL-01,P-001294,P-001294,P-001801,INV-0077,UNDER_REVIEW,HIGH
FIR-000777,CR-2026-2017,2026-06-30 21:23:37,2026-06-30 12:23:37,FINANCIAL_FRAUD,Fictional financial fraud incident tied to Synthetic Logistics Crime probe 17.,L-000169,"University Road, Tirunelveli",SOUTH-POL-SEC,P-001206,P-001058,P-000922,INV-0125,OPEN,CRITICAL
FIR-000778,CR-2026-2020,2026-07-05 00:12:49,2026-07-04 14:12:49,FRAUDULENT_TRANSFER,Fictional fraudulent transfer incident tied to Synthetic Human Trafficking probe 20.,L-000090,"Warehouse Zone, Salem",CYBER-CELL-01,P-000668,P-001817,P-000535,INV-0118,OPEN,MEDIUM
FIR-000779,CR-2026-2009,2026-04-05 15:34:07,2026-04-04 14:34:07,THEFT,Fictional theft incident tied to Synthetic Gold Smuggling probe 09.,L-000092,"Old Town, Cuddalore",NARC-BUREAU-01,P-001229,P-000344,P-001360,INV-0151,OPEN,HIGH
FIR-000780,CR-2026-2017,2026-01-22 12:10:39,2026-01-20 06:10:39,FRAUDULENT_TRANSFER,Fictional fraudulent transfer incident tied to Synthetic Logistics Crime probe 17.,L-000119,"SIPCOT, Krishnagiri",NORTH-POL-SEC,P-001206,P-001914,P-000824,INV-0121,CLOSED,MEDIUM
FIR-000781,CR-2026-2005,2026-02-24 22:29:44,2026-02-22 00:29:44,FRAUDULENT_TRANSFER,Fictional fraudulent transfer incident tied to Synthetic Financial Fraud probe 05.,L-000081,"Textile Market, Karur",NORTH-POL-SEC,P-001545,P-001231,P-001714,INV-0065,OPEN,HIGH
FIR-000782,CR-2026-2007,2026-06-12 18:09:16,2026-06-11 08:09:16,RECOVERY_NOTICE,Fictional recovery notice incident tied to Synthetic Cyber Fraud probe 07.,L-000130,"Auto Nagar, Nagapattinam",WEST-INV-DIV,P-000367,P-001847,P-001863,INV-0126,OPEN,HIGH
FIR-000783,CR-2026-2007,2026-03-28 13:14:32,2026-03-27 22:14:32,FINANCIAL_FRAUD,Fictional financial fraud incident tied to Synthetic Cyber Fraud probe 07.,L-000091,"Industrial Estate, Nagapattinam",CEN-CRIME-UNIT-01,P-000790,P-001718,P-001298,INV-0114,OPEN,HIGH
FIR-000784,CR-2026-2012,2026-04-11 20:33:40,2026-04-09 10:33:40,FRAUDULENT_TRANSFER,Fictional fraudulent transfer incident tied to Synthetic Illegal Trade probe 12.,L-000020,"Residential Colony, Karur",CYBER-CELL-01,P-001382,P-001060,P-000472,INV-0007,UNDER_REVIEW,MEDIUM
FIR-000785,CR-2026-2013,2026-06-11 22:44:53,2026-06-10 12:44:53,ASSAULT,Fictional assault incident tied to Synthetic Narcotics probe 13.,L-000052,"Bus Stand, Erode",CEN-CRIME-UNIT-03,P-001849,P-000583,P-001935,INV-0054,OPEN,CRITICAL
FIR-000786,CR-2026-2016,2026-02-24 17:39:07,2026-02-23 02:39:07,THEFT,Fictional theft incident tied to Synthetic Phone Fraud probe 16.,L-000079,"Warehouse Zone, Salem",EAST-INV-DIV,P-000430,P-000661,P-000092,INV-0123,OPEN,MEDIUM
FIR-000787,CR-2026-2009,2026-01-22 21:58:54,2026-01-20 02:58:54,RECOVERY_NOTICE,Fictional recovery notice incident tied to Synthetic Gold Smuggling probe 09.,L-000105,"Bypass, Tirunelveli",CYBER-CELL-01,P-001919,P-000073,P-000073,INV-0113,OPEN,MEDIUM
FIR-000788,CR-2026-2011,2026-02-12 05:58:41,2026-02-12 00:58:41,CROSS_BORDER_TRADE,Fictional cross border trade incident tied to Synthetic Narcotics probe 11.,L-000090,"Warehouse Zone, Salem",NARC-BUREAU-01,P-000870,P-000575,P-001050,INV-0153,OPEN,LOW
FIR-000789,CR-2026-2013,2026-02-16 06:59:24,2026-02-13 16:59:24,ASSAULT,Fictional assault incident tied to Synthetic Narcotics probe 13.,L-000102,"Industrial Estate, Hosur",CYBER-CELL-01,P-000742,P-000522,P-001590,INV-0072,CLOSED,MEDIUM
FIR-000790,CR-2026-2009,2026-06-06 14:59:26,2026-06-06 10:59:26,CROSS_BORDER_TRADE,Fictional cross border trade incident tied to Synthetic Gold Smuggling probe 09.,L-000183,"Grain Market, Chennai",NORTH-POL-SEC,P-001960,P-000782,P-000355,INV-0151,OPEN,CRITICAL
FIR-000791,CR-2026-2011,2026-01-16 16:34:15,2026-01-14 15:34:15,CROSS_BORDER_TRADE,Fictional cross border trade incident tied to Synthetic Narcotics probe 11.,L-000008,"Bus Stand, Hosur",CEN-CRIME-UNIT-01,P-000870,P-001339,P-000603,INV-0132,CLOSED,MEDIUM
FIR-000792,CR-2026-2017,2026-06-23 06:36:24,2026-06-21 07:36:24,SMUGGLING,Fictional smuggling incident tied to Synthetic Logistics Crime probe 17.,L-000121,"Residential Colony, Nagercoil",FIN-CRIME-CELL,P-000563,P-001972,P-000563,INV-0033,OPEN,HIGH
FIR-000793,CR-2026-2005,2026-08-22 14:16:02,2026-08-21 08:16:02,RECOVERY_NOTICE,Fictional recovery notice incident tied to Synthetic Financial Fraud probe 05.,L-000141,"Textile Market, Salem",WEST-INV-DIV,P-000843,P-001231,P-001231,INV-0112,OPEN,LOW
FIR-000794,CR-2026-2007,2026-07-23 07:44:35,2026-07-20 08:44:35,ASSAULT,Fictional assault incident tied to Synthetic Cyber Fraud probe 07.,L-000114,"Ring Road, Thanjavur",CEN-CRIME-UNIT-01,P-001863,P-000367,P-001402,INV-0131,CLOSED,HIGH
FIR-000795,CR-2026-2014,2026-08-27 01:28:48,2026-08-25 14:28:48,RECOVERY_NOTICE,Fictional recovery notice incident tied to Synthetic Logistics Crime probe 14.,L-000096,"Warehouse Zone, Tiruchirappalli",WEST-INV-DIV,P-001555,P-001706,P-001766,INV-0021,OPEN,CRITICAL
FIR-000796,CR-2026-2003,2026-01-21 11:17:18,2026-01-18 16:17:18,FRAUDULENT_TRANSFER,Fictional fraudulent transfer incident tied to Synthetic Gold Smuggling probe 03.,L-000001,"Old Town, Erode",CEN-CRIME-UNIT-01,P-001620,P-001826,P-000635,INV-0015,OPEN,MEDIUM
FIR-000797,CR-2026-2002,2026-06-12 22:43:23,2026-06-12 10:43:23,SMUGGLING,Fictional smuggling incident tied to Synthetic Phone Fraud probe 02.,L-000023,"Bus Stand, Kanniyakumari",NORTH-POL-SEC,P-001622,P-000126,P-001661,INV-0052,OPEN,HIGH
FIR-000798,CR-2026-2018,2026-02-21 18:32:24,2026-02-19 12:32:24,FINANCIAL_FRAUD,Fictional financial fraud incident tied to Synthetic Human Trafficking probe 18.,L-000009,"Highway Junction, Krishnagiri",CEN-CRIME-UNIT-03,P-001775,P-000938,P-000902,INV-0037,CLOSED,LOW
FIR-000799,CR-2026-2009,2026-02-23 16:27:52,2026-02-22 19:27:52,FRAUDULENT_TRANSFER,Fictional fraudulent transfer incident tied to Synthetic Gold Smuggling probe 09.,L-000025,"Textile Market, Nagapattinam",NARC-BUREAU-01,P-000475,P-001101,P-000783,INV-0053,CLOSED,CRITICAL
FIR-000800,CR-2026-2014,2026-06-27 23:13:27,2026-06-27 11:13:27,CROSS_BORDER_TRADE,Fictional cross border trade incident tied to Synthetic Logistics Crime probe 14.,L-000056,"Warehouse Zone, Nagercoil",SOUTH-POL-SEC,P-000704,P-000676,P-001273,INV-0159,OPEN,MEDIUM
FIR-000801,CR-2026-2018,2026-07-08 00:53:12,2026-07-06 00:53:12,RECOVERY_NOTICE,Fictional recovery notice incident tied to Synthetic Human Trafficking probe 18.,L-000135,"Market Road, Kanniyakumari",EAST-INV-DIV,P-001787,P-001197,P-001752,INV-0090,OPEN,HIGH
FIR-000802,CR-2026-2014,2026-01-12 01:17:01,2026-01-10 06:17:01,SMUGGLING,Fictional smuggling incident tied to Synthetic Logistics Crime probe 14.,L-000079,"Warehouse Zone, Salem",NORTH-POL-SEC,P-001682,P-001146,P-000922,INV-0018,CLOSED,HIGH
FIR-000803,CR-2026-2005,2026-05-07 03:28:58,2026-05-05 23:28:58,CROSS_BORDER_TRADE,Fictional cross border trade incident tied to Synthetic Financial Fraud probe 05.,L-000165,"Ring Road, Krishnagiri",SOUTH-POL-SEC,P-001921,P-001656,P-001429,INV-0032,CLOSED,MEDIUM
FIR-000804,CR-2026-2017,2026-08-03 20:35:37,2026-08-03 03:35:37,CROSS_BORDER_TRADE,Fictional cross border trade incident tied to Synthetic Logistics Crime probe 17.,L-000121,"Residential Colony, Nagercoil",NORTH-POL-SEC,P-001945,P-001635,P-001495,INV-0089,OPEN,HIGH
FIR-000805,CR-2026-2008,2026-04-15 11:41:05,2026-04-12 22:41:05,THEFT,Fictional theft incident tied to Synthetic Financial Fraud probe 08.,L-000102,"Industrial Estate, Hosur",EAST-INV-DIV,P-000372,P-000655,P-000548,INV-0035,CLOSED,HIGH
FIR-000806,CR-2026-2014,2026-05-20 00:03:26,2026-05-17 14:03:26,CROSS_BORDER_TRADE,Fictional cross border trade incident tied to Synthetic Logistics Crime probe 14.,L-000020,"Residential Colony, Karur",CYBER-CELL-01,P-001183,P-000765,P-001747,INV-0045,OPEN,LOW
FIR-000807,CR-2026-2002,2026-07-24 18:12:20,2026-07-24 09:12:20,EXTORTION,Fictional extortion incident tied to Synthetic Phone Fraud probe 02.,L-000009,"Highway Junction, Krishnagiri",WEST-INV-DIV,P-001869,P-001479,P-000889,INV-0007,CLOSED,HIGH
FIR-000808,CR-2026-2002,2026-05-08 22:03:09,2026-05-06 09:03:09,SMUGGLING,Fictional smuggling incident tied to Synthetic Phone Fraud probe 02.,L-000102,"Industrial Estate, Hosur",WEST-INV-DIV,P-001506,P-000126,P-001506,INV-0156,OPEN,MEDIUM
FIR-000809,CR-2026-2003,2026-05-05 12:54:39,2026-05-02 21:54:39,EXTORTION,Fictional extortion incident tied to Synthetic Gold Smuggling probe 03.,L-000016,"University Road, Karur",EAST-INV-DIV,P-000635,P-000205,P-000193,INV-0123,CLOSED,CRITICAL
FIR-000810,CR-2026-2003,2026-04-12 02:27:25,2026-04-10 05:27:25,SMUGGLING,Fictional smuggling incident tied to Synthetic Gold Smuggling probe 03.,L-000197,"IT Park, Tirunelveli",NORTH-POL-SEC,P-000635,P-000595,P-001620,INV-0069,OPEN,MEDIUM
FIR-000811,CR-2026-2001,2026-08-12 23:44:04,2026-08-10 07:44:04,RECOVERY_NOTICE,Fictional recovery notice incident tied to Synthetic Cyber Fraud probe 01.,L-000091,"Industrial Estate, Nagapattinam",NORTH-POL-SEC,P-001884,P-000981,P-000248,INV-0073,OPEN,HIGH
FIR-000812,CR-2026-2009,2026-02-06 14:05:16,2026-02-04 06:05:16,SMUGGLING,Fictional smuggling incident tied to Synthetic Gold Smuggling probe 09.,L-000141,"Textile Market, Salem",NORTH-POL-SEC,P-000360,P-001588,P-001229,INV-0151,UNDER_REVIEW,MEDIUM
FIR-000813,CR-2026-2014,2026-09-03 07:55:17,2026-09-01 12:55:17,CROSS_BORDER_TRADE,Fictional cross border trade incident tied to Synthetic Logistics Crime probe 14.,L-000165,"Ring Road, Krishnagiri",CEN-CRIME-UNIT-02,P-000765,P-001183,P-000335,INV-0083,CLOSED,HIGH
FIR-000814,CR-2026-2016,2026-05-22 23:48:44,2026-05-21 17:48:44,RECOVERY_NOTICE,Fictional recovery notice incident tied to Synthetic Phone Fraud probe 16.,L-000096,"Warehouse Zone, Tiruchirappalli",WEST-INV-DIV,P-000092,P-000673,P-000010,INV-0049,OPEN,HIGH
FIR-000815,CR-2026-2005,2026-05-20 18:07:41,2026-05-18 09:07:41,ASSAULT,Fictional assault incident tied to Synthetic Financial Fraud probe 05.,L-000099,"SIPCOT, Madurai",CYBER-CELL-01,P-001714,P-000187,P-001231,INV-0107,OPEN,HIGH
FIR-000816,CR-2026-2017,2026-08-25 18:24:51,2026-08-24 13:24:51,THEFT,Fictional theft incident tied to Synthetic Logistics Crime probe 17.,L-000110,"Textile Market, Tirunelveli",EAST-INV-DIV,P-001945,P-000824,P-000824,INV-0042,CLOSED,HIGH
FIR-000817,CR-2026-2006,2026-01-04 05:03:37,2026-01-02 08:03:37,CROSS_BORDER_TRADE,Fictional cross border trade incident tied to Synthetic Logistics Crime probe 06.,L-000112,"Bus Stand, Salem",CYBER-CELL-01,P-001014,P-000584,P-000958,INV-0077,OPEN,CRITICAL
FIR-000818,CR-2026-2003,2026-01-29 08:16:16,2026-01-28 20:16:16,SMUGGLING,Fictional smuggling incident tied to Synthetic Gold Smuggling probe 03.,L-000044,"Old Town, Cuddalore",CEN-CRIME-UNIT-03,P-000205,P-001329,P-000635,INV-0154,OPEN,MEDIUM
FIR-000819,CR-2026-2012,2026-04-09 01:23:11,2026-04-06 18:23:11,RECOVERY_NOTICE,Fictional recovery notice incident tied to Synthetic Illegal Trade probe 12.,L-000160,"Industrial Estate, Thoothukudi",EAST-INV-DIV,P-001060,P-000428,P-001382,INV-0129,OPEN,MEDIUM
FIR-000820,CR-2026-2020,2026-07-29 17:40:56,2026-07-28 19:40:56,FRAUDULENT_TRANSFER,Fictional fraudulent transfer incident tied to Synthetic Human Trafficking probe 20.,L-000175,"Port Area, Tiruchirappalli",CEN-CRIME-UNIT-02,P-001112,P-001357,P-000668,INV-0018,OPEN,HIGH
FIR-000821,CR-2026-2017,2026-08-02 15:01:18,2026-07-31 23:01:18,RECOVERY_NOTICE,Fictional recovery notice incident tied to Synthetic Logistics Crime probe 17.,L-000130,"Auto Nagar, Nagapattinam",EAST-INV-DIV,P-000563,P-001635,P-001058,INV-0039,OPEN,LOW
FIR-000822,CR-2026-2015,2026-08-15 15:17:37,2026-08-13 23:17:37,RECOVERY_NOTICE,Fictional recovery notice incident tied to Synthetic Cyber Fraud probe 15.,L-000001,"Old Town, Erode",CEN-CRIME-UNIT-03,P-000017,P-001790,P-001728,INV-0138,OPEN,MEDIUM
FIR-000823,CR-2026-2008,2026-06-07 05:02:51,2026-06-06 17:02:51,CROSS_BORDER_TRADE,Fictional cross border trade incident tied to Synthetic Financial Fraud probe 08.,L-000102,"Industrial Estate, Hosur",CEN-CRIME-UNIT-01,P-000548,P-000056,P-001263,INV-0032,UNDER_REVIEW,HIGH
FIR-000824,CR-2026-2014,2026-07-17 14:35:56,2026-07-16 06:35:56,EXTORTION,Fictional extortion incident tied to Synthetic Logistics Crime probe 14.,L-000191,"IT Park, Cuddalore",EAST-INV-DIV,P-001146,P-001273,P-001555,INV-0025,OPEN,HIGH
FIR-000825,CR-2026-2011,2026-01-18 13:16:00,2026-01-16 13:16:00,ASSAULT,Fictional assault incident tied to Synthetic Narcotics probe 11.,L-000162,"Industrial Estate, Thoothukudi",CEN-CRIME-UNIT-02,P-000260,P-000575,P-000776,INV-0073,OPEN,MEDIUM
FIR-000826,CR-2026-2016,2026-01-21 02:01:33,2026-01-19 01:01:33,SMUGGLING,Fictional smuggling incident tied to Synthetic Phone Fraud probe 16.,L-000018,"Bus Stand, Madurai",CEN-CRIME-UNIT-03,P-000092,P-000661,P-000256,INV-0056,OPEN,MEDIUM
FIR-000827,CR-2026-2006,2026-01-25 13:33:17,2026-01-24 23:33:17,FINANCIAL_FRAUD,Fictional financial fraud incident tied to Synthetic Logistics Crime probe 06.,L-000165,"Ring Road, Krishnagiri",CEN-CRIME-UNIT-01,P-000584,P-001272,P-000873,INV-0083,OPEN,LOW
FIR-000828,CR-2026-2009,2026-06-14 06:18:45,2026-06-12 23:18:45,FINANCIAL_FRAUD,Fictional financial fraud incident tied to Synthetic Gold Smuggling probe 09.,L-000021,"Old Town, Coimbatore",FIN-CRIME-CELL,P-000783,P-000786,P-001229,INV-0112,OPEN,CRITICAL
FIR-000829,CR-2026-2012,2026-05-17 03:20:58,2026-05-15 12:20:58,CROSS_BORDER_TRADE,Fictional cross border trade incident tied to Synthetic Illegal Trade probe 12.,L-000178,"Bus Stand, Karur",SOUTH-POL-SEC,P-001382,P-000760,P-000488,INV-0012,OPEN,HIGH
FIR-000830,CR-2026-2001,2026-07-07 01:27:29,2026-07-04 19:27:29,EXTORTION,Fictional extortion incident tied to Synthetic Cyber Fraud probe 01.,L-000020,"Residential Colony, Karur",CEN-CRIME-UNIT-02,P-000602,P-000626,P-000602,INV-0020,CLOSED,HIGH
FIR-000831,CR-2026-2010,2026-02-18 02:59:06,2026-02-17 22:59:06,RECOVERY_NOTICE,Fictional recovery notice incident tied to Synthetic Vehicle Theft probe 10.,L-000021,"Old Town, Coimbatore",WEST-INV-DIV,P-001710,P-001546,P-001546,INV-0006,UNDER_REVIEW,MEDIUM
FIR-000832,CR-2026-2009,2026-01-28 17:26:44,2026-01-27 01:26:44,SMUGGLING,Fictional smuggling incident tied to Synthetic Gold Smuggling probe 09.,L-000167,"Old Town, Dindigul",CYBER-CELL-01,P-000887,P-001299,P-000782,INV-0097,UNDER_REVIEW,HIGH
FIR-000833,CR-2026-2002,2026-04-03 08:26:44,2026-04-02 22:26:44,FRAUDULENT_TRANSFER,Fictional fraudulent transfer incident tied to Synthetic Phone Fraud probe 02.,L-000020,"Residential Colony, Karur",SOUTH-POL-SEC,P-001503,P-000481,P-001936,INV-0148,UNDER_REVIEW,MEDIUM
FIR-000834,CR-2026-2005,2026-08-02 05:47:59,2026-07-30 13:47:59,RECOVERY_NOTICE,Fictional recovery notice incident tied to Synthetic Financial Fraud probe 05.,L-000096,"Warehouse Zone, Tiruchirappalli",NORTH-POL-SEC,P-000900,P-000843,P-000631,INV-0103,CLOSED,MEDIUM
FIR-000835,CR-2026-2004,2026-07-22 23:33:18,2026-07-20 12:33:18,CROSS_BORDER_TRADE,Fictional cross border trade incident tied to Synthetic Cyber Fraud probe 04.,L-000153,"University Road, Krishnagiri",NARC-BUREAU-01,P-001369,P-001788,P-001747,INV-0136,OPEN,HIGH
FIR-000836,CR-2026-2004,2026-07-11 23:22:28,2026-07-09 13:22:28,FINANCIAL_FRAUD,Fictional financial fraud incident tied to Synthetic Cyber Fraud probe 04.,L-000169,"University Road, Tirunelveli",NORTH-POL-SEC,P-001133,P-001369,P-000555,INV-0126,OPEN,CRITICAL
FIR-000837,CR-2026-2012,2026-02-25 20:57:06,2026-02-23 04:57:06,SMUGGLING,Fictional smuggling incident tied to Synthetic Illegal Trade probe 12.,L-000167,"Old Town, Dindigul",WEST-INV-DIV,P-000615,P-000760,P-000472,INV-0013,OPEN,CRITICAL
FIR-000838,CR-2026-2017,2026-06-24 04:18:33,2026-06-21 07:18:33,RECOVERY_NOTICE,Fictional recovery notice incident tied to Synthetic Logistics Crime probe 17.,L-000016,"University Road, Karur",FIN-CRIME-CELL,P-001128,P-001515,P-001945,INV-0058,UNDER_REVIEW,MEDIUM
FIR-000839,CR-2026-2010,2026-05-06 02:58:11,2026-05-04 06:58:11,THEFT,Fictional theft incident tied to Synthetic Vehicle Theft probe 10.,L-000118,"Textile Market, Chennai",SOUTH-POL-SEC,P-001281,P-000034,P-000393,INV-0072,UNDER_REVIEW,CRITICAL
FIR-000840,CR-2026-2016,2026-04-04 21:33:07,2026-04-03 18:33:07,RECOVERY_NOTICE,Fictional recovery notice incident tied to Synthetic Phone Fraud probe 16.,L-000114,"Ring Road, Thanjavur",CYBER-CELL-01,P-000964,P-001231,P-000661,INV-0113,OPEN,HIGH
FIR-000841,CR-2026-2004,2026-03-07 04:54:44,2026-03-06 18:54:44,THEFT,Fictional theft incident tied to Synthetic Cyber Fraud probe 04.,L-000016,"University Road, Karur",CEN-CRIME-UNIT-02,P-001559,P-001747,P-001788,INV-0019,UNDER_REVIEW,CRITICAL
FIR-000842,CR-2026-2009,2026-08-29 21:47:43,2026-08-29 11:47:43,ASSAULT,Fictional assault incident tied to Synthetic Gold Smuggling probe 09.,L-000155,"Grain Market, Cuddalore",NARC-BUREAU-01,P-000073,P-000496,P-000887,INV-0095,OPEN,HIGH
FIR-000843,CR-2026-2007,2026-01-13 04:47:51,2026-01-10 08:47:51,ASSAULT,Fictional assault incident tied to Synthetic Cyber Fraud probe 07.,L-000033,"Old Town, Erode",EAST-INV-DIV,P-000192,P-001367,P-001689,INV-0128,OPEN,HIGH
FIR-000844,CR-2026-2008,2026-01-10 08:41:26,2026-01-09 01:41:26,FINANCIAL_FRAUD,Fictional financial fraud incident tied to Synthetic Financial Fraud probe 08.,L-000082,"Highway Junction, Nagercoil",CEN-CRIME-UNIT-02,P-000652,P-001317,P-000056,INV-0084,UNDER_REVIEW,MEDIUM
FIR-000845,CR-2026-2008,2026-05-14 15:15:13,2026-05-14 05:15:13,CROSS_BORDER_TRADE,Fictional cross border trade incident tied to Synthetic Financial Fraud probe 08.,L-000016,"University Road, Karur",SOUTH-POL-SEC,P-000655,P-000372,P-000372,INV-0120,UNDER_REVIEW,CRITICAL
FIR-000846,CR-2026-2003,2026-06-09 03:45:04,2026-06-06 14:45:04,FRAUDULENT_TRANSFER,Fictional fraudulent transfer incident tied to Synthetic Gold Smuggling probe 03.,L-000079,"Warehouse Zone, Salem",WEST-INV-DIV,P-001826,P-000193,P-001826,INV-0014,OPEN,LOW
FIR-000847,CR-2026-2015,2026-07-29 10:16:42,2026-07-27 10:16:42,RECOVERY_NOTICE,Fictional recovery notice incident tied to Synthetic Cyber Fraud probe 15.,L-000049,"Technology Park, Nagercoil",WEST-INV-DIV,P-000865,P-001853,P-001853,INV-0099,UNDER_REVIEW,MEDIUM
FIR-000848,CR-2026-2013,2026-03-23 08:34:48,2026-03-22 21:34:48,SMUGGLING,Fictional smuggling incident tied to Synthetic Narcotics probe 13.,L-000096,"Warehouse Zone, Tiruchirappalli",CEN-CRIME-UNIT-02,P-001935,P-000590,P-000894,INV-0118,CLOSED,MEDIUM
FIR-000849,CR-2026-2017,2026-05-28 13:59:53,2026-05-25 19:59:53,CROSS_BORDER_TRADE,Fictional cross border trade incident tied to Synthetic Logistics Crime probe 17.,L-000091,"Industrial Estate, Nagapattinam",CEN-CRIME-UNIT-02,P-001972,P-001366,P-001635,INV-0048,UNDER_REVIEW,MEDIUM
FIR-000850,CR-2026-2007,2026-08-03 18:56:03,2026-08-01 17:56:03,ASSAULT,Fictional assault incident tied to Synthetic Cyber Fraud probe 07.,L-000167,"Old Town, Dindigul",NORTH-POL-SEC,P-001402,P-000156,P-001684,INV-0124,CLOSED,HIGH
FIR-000851,CR-2026-2020,2026-02-20 11:45:29,2026-02-18 13:45:29,FRAUDULENT_TRANSFER,Fictional fraudulent transfer incident tied to Synthetic Human Trafficking probe 20.,L-000009,"Highway Junction, Krishnagiri",EAST-INV-DIV,P-001406,P-000001,P-000041,INV-0123,OPEN,MEDIUM
FIR-000852,CR-2026-2015,2026-05-25 01:49:26,2026-05-24 11:49:26,EXTORTION,Fictional extortion incident tied to Synthetic Cyber Fraud probe 15.,L-000011,"Railway Station, Chennai",CEN-CRIME-UNIT-01,P-001853,P-001887,P-001853,INV-0097,OPEN,HIGH
FIR-000853,CR-2026-2010,2026-04-26 15:56:29,2026-04-24 02:56:29,FRAUDULENT_TRANSFER,Fictional fraudulent transfer incident tied to Synthetic Vehicle Theft probe 10.,L-000175,"Port Area, Tiruchirappalli",WEST-INV-DIV,P-000473,P-001712,P-001110,INV-0041,OPEN,MEDIUM
FIR-000854,CR-2026-2018,2026-02-27 19:13:32,2026-02-25 04:13:32,CROSS_BORDER_TRADE,Fictional cross border trade incident tied to Synthetic Human Trafficking probe 18.,L-000167,"Old Town, Dindigul",NORTH-POL-SEC,P-000535,P-000219,P-001787,INV-0148,OPEN,MEDIUM
FIR-000855,CR-2026-2011,2026-08-07 00:51:49,2026-08-06 12:51:49,ASSAULT,Fictional assault incident tied to Synthetic Narcotics probe 11.,L-000090,"Warehouse Zone, Salem",NARC-BUREAU-01,P-000554,P-001526,P-001526,INV-0062,OPEN,MEDIUM
FIR-000856,CR-2026-2014,2026-04-21 07:47:15,2026-04-20 10:47:15,RECOVERY_NOTICE,Fictional recovery notice incident tied to Synthetic Logistics Crime probe 14.,L-000077,"Textile Market, Coimbatore",SOUTH-POL-SEC,P-000676,P-001298,P-001682,INV-0142,CLOSED,CRITICAL
FIR-000857,CR-2026-2004,2026-02-18 19:52:34,2026-02-16 19:52:34,FRAUDULENT_TRANSFER,Fictional fraudulent transfer incident tied to Synthetic Cyber Fraud probe 04.,L-000153,"University Road, Krishnagiri",NARC-BUREAU-01,P-001133,P-000064,P-001788,INV-0094,UNDER_REVIEW,LOW
FIR-000858,CR-2026-2003,2026-08-26 10:09:16,2026-08-24 06:09:16,EXTORTION,Fictional extortion incident tied to Synthetic Gold Smuggling probe 03.,L-000188,"Railway Station, Chennai",CEN-CRIME-UNIT-03,P-000193,P-001329,P-001115,INV-0150,OPEN,MEDIUM
FIR-000859,CR-2026-2007,2026-05-20 07:49:04,2026-05-17 22:49:04,CROSS_BORDER_TRADE,Fictional cross border trade incident tied to Synthetic Cyber Fraud probe 07.,L-000042,"Market Road, Dindigul",EAST-INV-DIV,P-001042,P-001863,P-001684,INV-0062,UNDER_REVIEW,MEDIUM
FIR-000860,CR-2026-2011,2026-02-24 01:38:35,2026-02-22 14:38:35,EXTORTION,Fictional extortion incident tied to Synthetic Narcotics probe 11.,L-000052,"Bus Stand, Erode",WEST-INV-DIV,P-000385,P-001526,P-001526,INV-0030,OPEN,CRITICAL
FIR-000861,CR-2026-2013,2026-04-08 22:17:58,2026-04-08 08:17:58,RECOVERY_NOTICE,Fictional recovery notice incident tied to Synthetic Narcotics probe 13.,L-000067,"Market Road, Nagercoil",NARC-BUREAU-01,P-000077,P-001933,P-000781,INV-0100,OPEN,HIGH
FIR-000862,CR-2026-2012,2026-06-19 23:03:26,2026-06-18 05:03:26,FRAUDULENT_TRANSFER,Fictional fraudulent transfer incident tied to Synthetic Illegal Trade probe 12.,L-000105,"Bypass, Tirunelveli",CEN-CRIME-UNIT-01,P-001382,P-001651,P-001951,INV-0032,OPEN,HIGH
FIR-000863,CR-2026-2005,2026-06-01 10:45:59,2026-05-30 12:45:59,CROSS_BORDER_TRADE,Fictional cross border trade incident tied to Synthetic Financial Fraud probe 05.,L-000009,"Highway Junction, Krishnagiri",CYBER-CELL-01,P-001832,P-001714,P-001231,INV-0127,OPEN,HIGH
FIR-000864,CR-2026-2018,2026-02-09 16:46:46,2026-02-06 18:46:46,CROSS_BORDER_TRADE,Fictional cross border trade incident tied to Synthetic Human Trafficking probe 18.,L-000179,"SIPCOT, Tiruchirappalli",FIN-CRIME-CELL,P-000166,P-000175,P-000166,INV-0104,UNDER_REVIEW,MEDIUM
FIR-000865,CR-2026-2008,2026-07-15 08:05:15,2026-07-13 06:05:15,THEFT,Fictional theft incident tied to Synthetic Financial Fraud probe 08.,L-000190,"Residential Colony, Erode",CEN-CRIME-UNIT-01,P-000652,P-000409,P-000652,INV-0156,OPEN,CRITICAL
FIR-000866,CR-2026-2010,2026-01-14 18:21:26,2026-01-12 12:21:26,EXTORTION,Fictional extortion incident tied to Synthetic Vehicle Theft probe 10.,L-000150,"Warehouse Zone, Coimbatore",CEN-CRIME-UNIT-01,P-001247,P-001712,P-001712,INV-0155,CLOSED,CRITICAL
FIR-000867,CR-2026-2015,2026-04-18 01:21:03,2026-04-16 00:21:03,CROSS_BORDER_TRADE,Fictional cross border trade incident tied to Synthetic Cyber Fraud probe 15.,L-000077,"Textile Market, Coimbatore",SOUTH-POL-SEC,P-000875,P-001967,P-001240,INV-0041,OPEN,CRITICAL
FIR-000868,CR-2026-2016,2026-06-15 17:07:25,2026-06-14 13:07:25,CROSS_BORDER_TRADE,Fictional cross border trade incident tied to Synthetic Phone Fraud probe 16.,L-000036,"Port Area, Dindigul",EAST-INV-DIV,P-000413,P-000010,P-001766,INV-0028,OPEN,HIGH
FIR-000869,CR-2026-2016,2026-03-08 08:33:28,2026-03-06 18:33:28,ASSAULT,Fictional assault incident tied to Synthetic Phone Fraud probe 16.,L-000101,"Industrial Estate, Coimbatore",CYBER-CELL-01,P-000830,P-001072,P-000092,INV-0058,UNDER_REVIEW,HIGH
FIR-000870,CR-2026-2020,2026-06-09 05:19:35,2026-06-08 06:19:35,EXTORTION,Fictional extortion incident tied to Synthetic Human Trafficking probe 20.,L-000153,"University Road, Krishnagiri",NORTH-POL-SEC,P-001007,P-001337,P-001357,INV-0080,CLOSED,CRITICAL
FIR-000871,CR-2026-2018,2026-05-27 06:27:33,2026-05-25 15:27:33,ASSAULT,Fictional assault incident tied to Synthetic Human Trafficking probe 18.,L-000120,"SIPCOT, Nagapattinam",CEN-CRIME-UNIT-03,P-000529,P-000837,P-001435,INV-0147,CLOSED,HIGH
FIR-000872,CR-2026-2013,2026-07-13 03:16:44,2026-07-10 11:16:44,FINANCIAL_FRAUD,Fictional financial fraud incident tied to Synthetic Narcotics probe 13.,L-000085,"Warehouse Zone, Thanjavur",CYBER-CELL-01,P-000583,P-000511,P-000742,INV-0011,CLOSED,CRITICAL
FIR-000873,CR-2026-2012,2026-05-06 19:43:14,2026-05-05 06:43:14,THEFT,Fictional theft incident tied to Synthetic Illegal Trade probe 12.,L-000181,"Highway Junction, Chennai",CEN-CRIME-UNIT-01,P-001951,P-000528,P-001060,INV-0048,OPEN,HIGH
FIR-000874,CR-2026-2014,2026-03-05 22:52:17,2026-03-05 03:52:17,THEFT,Fictional theft incident tied to Synthetic Logistics Crime probe 14.,L-000044,"Old Town, Cuddalore",SOUTH-POL-SEC,P-000922,P-001917,P-001706,INV-0067,OPEN,MEDIUM
FIR-000875,CR-2026-2005,2026-01-24 14:06:22,2026-01-23 12:06:22,ASSAULT,Fictional assault incident tied to Synthetic Financial Fraud probe 05.,L-000001,"Old Town, Erode",CEN-CRIME-UNIT-03,P-000719,P-000754,P-000187,INV-0040,CLOSED,HIGH
FIR-000876,CR-2026-2003,2026-05-09 09:04:53,2026-05-09 01:04:53,ASSAULT,Fictional assault incident tied to Synthetic Gold Smuggling probe 03.,L-000011,"Railway Station, Chennai",NARC-BUREAU-01,P-000205,P-000595,P-001826,INV-0100,CLOSED,MEDIUM
FIR-000877,CR-2026-2018,2026-05-22 13:13:34,2026-05-22 02:13:34,ASSAULT,Fictional assault incident tied to Synthetic Human Trafficking probe 18.,L-000147,"Port Area, Tiruchirappalli",WEST-INV-DIV,P-000219,P-000166,P-000837,INV-0098,OPEN,MEDIUM
FIR-000878,CR-2026-2007,2026-01-10 08:50:24,2026-01-09 17:50:24,EXTORTION,Fictional extortion incident tied to Synthetic Cyber Fraud probe 07.,L-000014,"Auto Nagar, Nagapattinam",FIN-CRIME-CELL,P-000790,P-000367,P-000115,INV-0058,UNDER_REVIEW,HIGH
FIR-000879,CR-2026-2006,2026-01-09 08:43:57,2026-01-08 22:43:57,RECOVERY_NOTICE,Fictional recovery notice incident tied to Synthetic Logistics Crime probe 06.,L-000147,"Port Area, Tiruchirappalli",FIN-CRIME-CELL,P-000134,P-000720,P-001838,INV-0134,OPEN,HIGH
FIR-000880,CR-2026-2020,2026-04-14 14:38:38,2026-04-12 09:38:38,ASSAULT,Fictional assault incident tied to Synthetic Human Trafficking probe 20.,L-000181,"Highway Junction, Chennai",FIN-CRIME-CELL,P-001337,P-000866,P-000197,INV-0023,OPEN,MEDIUM
FIR-000881,CR-2026-2012,2026-05-13 19:05:31,2026-05-13 05:05:31,EXTORTION,Fictional extortion incident tied to Synthetic Illegal Trade probe 12.,L-000185,"Bypass, Vellore",EAST-INV-DIV,P-000968,P-001951,P-001951,INV-0018,UNDER_REVIEW,HIGH
FIR-000882,CR-2026-2019,2026-07-28 08:37:02,2026-07-27 19:37:02,RECOVERY_NOTICE,Fictional recovery notice incident tied to Synthetic Financial Fraud probe 19.,L-000104,"Bypass, Tiruchirappalli",CEN-CRIME-UNIT-01,P-001949,P-001937,P-000211,INV-0117,CLOSED,HIGH
FIR-000883,CR-2026-2008,2026-02-01 13:41:42,2026-01-29 17:41:42,FINANCIAL_FRAUD,Fictional financial fraud incident tied to Synthetic Financial Fraud probe 08.,L-000181,"Highway Junction, Chennai",CEN-CRIME-UNIT-01,P-000655,P-001263,P-000786,INV-0139,OPEN,HIGH
FIR-000884,CR-2026-2020,2026-02-04 06:47:48,2026-02-02 17:47:48,EXTORTION,Fictional extortion incident tied to Synthetic Human Trafficking probe 20.,L-000167,"Old Town, Dindigul",NARC-BUREAU-01,P-001035,P-000694,P-001153,INV-0016,OPEN,HIGH
FIR-000885,CR-2026-2016,2026-04-17 12:51:55,2026-04-14 20:51:55,THEFT,Fictional theft incident tied to Synthetic Phone Fraud probe 16.,L-000177,"Technology Park, Hosur",NARC-BUREAU-01,P-000413,P-000256,P-000530,INV-0071,UNDER_REVIEW,HIGH
FIR-000886,CR-2026-2004,2026-05-10 05:57:43,2026-05-08 16:57:43,FRAUDULENT_TRANSFER,Fictional fraudulent transfer incident tied to Synthetic Cyber Fraud probe 04.,L-000082,"Highway Junction, Nagercoil",NARC-BUREAU-01,P-000064,P-001788,P-001369,INV-0124,CLOSED,HIGH
FIR-000887,CR-2026-2009,2026-02-11 20:25:28,2026-02-09 10:25:28,ASSAULT,Fictional assault incident tied to Synthetic Gold Smuggling probe 09.,L-000098,"Railway Station, Krishnagiri",CEN-CRIME-UNIT-02,P-000783,P-001168,P-001168,INV-0141,OPEN,HIGH
FIR-000888,CR-2026-2013,2026-05-23 22:23:27,2026-05-21 15:23:27,FRAUDULENT_TRANSFER,Fictional fraudulent transfer incident tied to Synthetic Narcotics probe 13.,L-000091,"Industrial Estate, Nagapattinam",FIN-CRIME-CELL,P-001933,P-000522,P-000894,INV-0100,OPEN,HIGH
FIR-000889,CR-2026-2009,2026-04-08 21:10:26,2026-04-07 02:10:26,RECOVERY_NOTICE,Fictional recovery notice incident tied to Synthetic Gold Smuggling probe 09.,L-000171,"Warehouse Zone, Coimbatore",NARC-BUREAU-01,P-001960,P-001360,P-001299,INV-0055,CLOSED,MEDIUM
FIR-000890,CR-2026-2005,2026-03-14 20:02:57,2026-03-13 02:02:57,CROSS_BORDER_TRADE,Fictional cross border trade incident tied to Synthetic Financial Fraud probe 05.,L-000150,"Warehouse Zone, Coimbatore",NORTH-POL-SEC,P-000843,P-000754,P-000187,INV-0007,OPEN,HIGH
FIR-000891,CR-2026-2004,2026-04-11 01:33:39,2026-04-09 21:33:39,CROSS_BORDER_TRADE,Fictional cross border trade incident tied to Synthetic Cyber Fraud probe 04.,L-000188,"Railway Station, Chennai",CEN-CRIME-UNIT-01,P-001991,P-001371,P-001991,INV-0024,UNDER_REVIEW,LOW
FIR-000892,CR-2026-2017,2026-08-14 10:11:47,2026-08-11 20:11:47,EXTORTION,Fictional extortion incident tied to Synthetic Logistics Crime probe 17.,L-000017,"Ring Road, Hosur",CEN-CRIME-UNIT-02,P-000889,P-001972,P-001945,INV-0055,CLOSED,LOW
FIR-000893,CR-2026-2016,2026-05-26 02:58:41,2026-05-25 06:58:41,EXTORTION,Fictional extortion incident tied to Synthetic Phone Fraud probe 16.,L-000023,"Bus Stand, Kanniyakumari",CYBER-CELL-01,P-001644,P-001644,P-000197,INV-0026,OPEN,HIGH
FIR-000894,CR-2026-2018,2026-08-11 08:17:30,2026-08-09 12:17:30,FRAUDULENT_TRANSFER,Fictional fraudulent transfer incident tied to Synthetic Human Trafficking probe 18.,L-000188,"Railway Station, Chennai",CEN-CRIME-UNIT-02,P-001187,P-000219,P-001435,INV-0063,OPEN,MEDIUM
FIR-000895,CR-2026-2001,2026-04-20 11:27:21,2026-04-17 16:27:21,CROSS_BORDER_TRADE,Fictional cross border trade incident tied to Synthetic Cyber Fraud probe 01.,L-000052,"Bus Stand, Erode",WEST-INV-DIV,P-000626,P-001997,P-001997,INV-0023,UNDER_REVIEW,CRITICAL
FIR-000896,CR-2026-2002,2026-07-15 14:03:25,2026-07-12 17:03:25,CROSS_BORDER_TRADE,Fictional cross border trade incident tied to Synthetic Phone Fraud probe 02.,L-000116,"Highway Junction, Vellore",CEN-CRIME-UNIT-02,P-001720,P-001661,P-000844,INV-0090,CLOSED,HIGH
FIR-000897,CR-2026-2010,2026-02-23 16:41:55,2026-02-21 18:41:55,ASSAULT,Fictional assault incident tied to Synthetic Vehicle Theft probe 10.,L-000068,"Bus Stand, Hosur",CEN-CRIME-UNIT-02,P-000134,P-001625,P-000473,INV-0047,OPEN,HIGH
FIR-000898,CR-2026-2011,2026-01-25 00:01:13,2026-01-24 11:01:13,THEFT,Fictional theft incident tied to Synthetic Narcotics probe 11.,L-000061,"Old Town, Tiruchirappalli",EAST-INV-DIV,P-001380,P-000364,P-000554,INV-0001,OPEN,MEDIUM
FIR-000899,CR-2026-2013,2026-02-03 07:56:14,2026-01-31 12:56:14,CROSS_BORDER_TRADE,Fictional cross border trade incident tied to Synthetic Narcotics probe 13.,L-000052,"Bus Stand, Erode",CEN-CRIME-UNIT-02,P-000742,P-000522,P-001590,INV-0092,OPEN,HIGH
FIR-000900,CR-2026-2001,2026-04-09 20:35:09,2026-04-08 22:35:09,SMUGGLING,Fictional smuggling incident tied to Synthetic Cyber Fraud probe 01.,L-000095,"Port Area, Nagercoil",CEN-CRIME-UNIT-01,P-001997,P-000023,P-000602,INV-0048,OPEN,MEDIUM
FIR-000901,CR-2026-2016,2026-05-21 13:05:13,2026-05-18 15:05:13,FINANCIAL_FRAUD,Fictional financial fraud incident tied to Synthetic Phone Fraud probe 16.,L-000092,"Old Town, Cuddalore",NARC-BUREAU-01,P-000010,P-001126,P-001126,INV-0001,CLOSED,HIGH
FIR-000902,CR-2026-2013,2026-08-11 10:19:09,2026-08-08 17:19:09,THEFT,Fictional theft incident tied to Synthetic Narcotics probe 13.,L-000082,"Highway Junction, Nagercoil",SOUTH-POL-SEC,P-001490,P-000077,P-000742,INV-0158,UNDER_REVIEW,MEDIUM
FIR-000903,CR-2026-2010,2026-02-17 15:19:12,2026-02-16 07:19:12,SMUGGLING,Fictional smuggling incident tied to Synthetic Vehicle Theft probe 10.,L-000066,"Grain Market, Nagercoil",CEN-CRIME-UNIT-02,P-000034,P-000034,P-001247,INV-0001,OPEN,HIGH
FIR-000904,CR-2026-2017,2026-04-26 15:48:33,2026-04-26 11:48:33,THEFT,Fictional theft incident tied to Synthetic Logistics Crime probe 17.,L-000016,"University Road, Karur",CEN-CRIME-UNIT-03,P-000933,P-001366,P-001058,INV-0098,OPEN,LOW
FIR-000905,CR-2026-2011,2026-01-27 21:16:23,2026-01-26 06:16:23,FINANCIAL_FRAUD,Fictional financial fraud incident tied to Synthetic Narcotics probe 11.,L-000092,"Old Town, Cuddalore",CEN-CRIME-UNIT-01,P-000870,P-001380,P-000870,INV-0108,OPEN,CRITICAL
FIR-000906,CR-2026-2002,2026-07-12 16:41:32,2026-07-11 01:41:32,FINANCIAL_FRAUD,Fictional financial fraud incident tied to Synthetic Phone Fraud probe 02.,L-000023,"Bus Stand, Kanniyakumari",CEN-CRIME-UNIT-01,P-001743,P-000554,P-001076,INV-0017,UNDER_REVIEW,HIGH
FIR-000907,CR-2026-2009,2026-07-12 12:06:30,2026-07-11 14:06:30,SMUGGLING,Fictional smuggling incident tied to Synthetic Gold Smuggling probe 09.,L-000090,"Warehouse Zone, Salem",CEN-CRIME-UNIT-01,P-001168,P-001360,P-000358,INV-0139,CLOSED,HIGH
FIR-000908,CR-2026-2006,2026-01-26 21:06:45,2026-01-24 08:06:45,THEFT,Fictional theft incident tied to Synthetic Logistics Crime probe 06.,L-000182,"IT Park, Karur",CEN-CRIME-UNIT-03,P-000633,P-001180,P-000958,INV-0009,UNDER_REVIEW,HIGH
FIR-000909,CR-2026-2003,2026-04-13 12:37:38,2026-04-12 13:37:38,ASSAULT,Fictional assault incident tied to Synthetic Gold Smuggling probe 03.,L-000054,"Warehouse Zone, Cuddalore",NARC-BUREAU-01,P-000205,P-000635,P-000193,INV-0133,OPEN,HIGH
FIR-000910,CR-2026-2004,2026-08-25 21:57:15,2026-08-24 23:57:15,FINANCIAL_FRAUD,Fictional financial fraud incident tied to Synthetic Cyber Fraud probe 04.,L-000114,"Ring Road, Thanjavur",WEST-INV-DIV,P-001559,P-001559,P-000608,INV-0082,OPEN,MEDIUM
FIR-000911,CR-2026-2019,2026-07-21 19:29:02,2026-07-20 07:29:02,EXTORTION,Fictional extortion incident tied to Synthetic Financial Fraud probe 19.,L-000012,"Bus Stand, Madurai",NORTH-POL-SEC,P-000211,P-001073,P-001937,INV-0089,OPEN,HIGH
FIR-000912,CR-2026-2016,2026-01-18 15:20:34,2026-01-17 23:20:34,RECOVERY_NOTICE,Fictional recovery notice incident tied to Synthetic Phone Fraud probe 16.,L-000077,"Textile Market, Coimbatore",WEST-INV-DIV,P-001644,P-000938,P-000530,INV-0158,OPEN,HIGH
FIR-000913,CR-2026-2016,2026-08-22 11:00:17,2026-08-21 07:00:17,EXTORTION,Fictional extortion incident tied to Synthetic Phone Fraud probe 16.,L-000151,"Warehouse Zone, Salem",CEN-CRIME-UNIT-03,P-001720,P-000092,P-000830,INV-0020,OPEN,MEDIUM
FIR-000914,CR-2026-2017,2026-02-08 18:24:16,2026-02-06 06:24:16,CROSS_BORDER_TRADE,Fictional cross border trade incident tied to Synthetic Logistics Crime probe 17.,L-000082,"Highway Junction, Nagercoil",SOUTH-POL-SEC,P-000922,P-000435,P-001635,INV-0012,OPEN,HIGH
FIR-000915,CR-2026-2019,2026-06-07 06:43:37,2026-06-05 15:43:37,CROSS_BORDER_TRADE,Fictional cross border trade incident tied to Synthetic Financial Fraud probe 19.,L-000148,"Highway Junction, Madurai",NARC-BUREAU-01,P-000690,P-000804,P-000211,INV-0098,UNDER_REVIEW,HIGH
FIR-000916,CR-2026-2018,2026-07-02 23:03:11,2026-07-01 23:03:11,RECOVERY_NOTICE,Fictional recovery notice incident tied to Synthetic Human Trafficking probe 18.,L-000148,"Highway Junction, Madurai",CEN-CRIME-UNIT-03,P-000529,P-001752,P-000902,INV-0020,OPEN,HIGH
FIR-000917,CR-2026-2018,2026-06-14 09:06:49,2026-06-12 17:06:49,RECOVERY_NOTICE,Fictional recovery notice incident tied to Synthetic Human Trafficking probe 18.,L-000105,"Bypass, Tirunelveli",CEN-CRIME-UNIT-02,P-000888,P-001436,P-000219,INV-0034,UNDER_REVIEW,MEDIUM
FIR-000918,CR-2026-2001,2026-06-18 03:28:13,2026-06-15 18:28:13,CROSS_BORDER_TRADE,Fictional cross border trade incident tied to Synthetic Cyber Fraud probe 01.,L-000198,"Port Area, Krishnagiri",CYBER-CELL-01,P-001447,P-000023,P-000370,INV-0021,OPEN,MEDIUM
FIR-000919,CR-2026-2019,2026-01-17 18:07:11,2026-01-15 00:07:11,RECOVERY_NOTICE,Fictional recovery notice incident tied to Synthetic Financial Fraud probe 19.,L-000167,"Old Town, Dindigul",CEN-CRIME-UNIT-02,P-001631,P-000690,P-001948,INV-0082,OPEN,HIGH
FIR-000920,CR-2026-2020,2026-01-10 18:13:27,2026-01-08 04:13:27,RECOVERY_NOTICE,Fictional recovery notice incident tied to Synthetic Human Trafficking probe 20.,L-000053,"Bypass, Madurai",CEN-CRIME-UNIT-02,P-001337,P-000157,P-001491,INV-0084,OPEN,HIGH
FIR-000921,CR-2026-2012,2026-07-12 17:18:51,2026-07-12 01:18:51,SMUGGLING,Fictional smuggling incident tied to Synthetic Illegal Trade probe 12.,L-000114,"Ring Road, Thanjavur",CEN-CRIME-UNIT-03,P-001382,P-000528,P-000472,INV-0075,UNDER_REVIEW,HIGH
FIR-000922,CR-2026-2003,2026-08-13 22:20:43,2026-08-11 00:20:43,SMUGGLING,Fictional smuggling incident tied to Synthetic Gold Smuggling probe 03.,L-000012,"Bus Stand, Madurai",CEN-CRIME-UNIT-01,P-000193,P-001620,P-000193,INV-0133,OPEN,HIGH
FIR-000923,CR-2026-2007,2026-05-01 05:06:44,2026-04-29 14:06:44,RECOVERY_NOTICE,Fictional recovery notice incident tied to Synthetic Cyber Fraud probe 07.,L-000091,"Industrial Estate, Nagapattinam",CYBER-CELL-01,P-001278,P-001042,P-000790,INV-0087,OPEN,CRITICAL
FIR-000924,CR-2026-2004,2026-03-24 07:49:44,2026-03-22 00:49:44,FRAUDULENT_TRANSFER,Fictional fraudulent transfer incident tied to Synthetic Cyber Fraud probe 04.,L-000040,"University Road, Tirunelveli",EAST-INV-DIV,P-000319,P-001133,P-001420,INV-0010,CLOSED,CRITICAL
FIR-000925,CR-2026-2014,2026-01-09 12:22:39,2026-01-08 17:22:39,RECOVERY_NOTICE,Fictional recovery notice incident tied to Synthetic Logistics Crime probe 14.,L-000114,"Ring Road, Thanjavur",NORTH-POL-SEC,P-001298,P-001146,P-001851,INV-0082,CLOSED,CRITICAL
FIR-000926,CR-2026-2001,2026-02-10 16:16:56,2026-02-08 19:16:56,THEFT,Fictional theft incident tied to Synthetic Cyber Fraud probe 01.,L-000006,"Bus Stand, Erode",SOUTH-POL-SEC,P-001448,P-000248,P-001884,INV-0132,OPEN,CRITICAL
FIR-000927,CR-2026-2020,2026-06-02 12:40:32,2026-06-02 03:40:32,FINANCIAL_FRAUD,Fictional financial fraud incident tied to Synthetic Human Trafficking probe 20.,L-000079,"Warehouse Zone, Salem",EAST-INV-DIV,P-001007,P-000157,P-000694,INV-0095,CLOSED,MEDIUM
FIR-000928,CR-2026-2009,2026-03-25 23:49:17,2026-03-25 01:49:17,ASSAULT,Fictional assault incident tied to Synthetic Gold Smuggling probe 09.,L-000009,"Highway Junction, Krishnagiri",CYBER-CELL-01,P-001195,P-000358,P-001101,INV-0071,UNDER_REVIEW,HIGH
FIR-000929,CR-2026-2009,2026-01-06 17:11:54,2026-01-05 08:11:54,CROSS_BORDER_TRADE,Fictional cross border trade incident tied to Synthetic Gold Smuggling probe 09.,L-000001,"Old Town, Erode",NORTH-POL-SEC,P-001457,P-000783,P-001195,INV-0123,OPEN,HIGH
FIR-000930,CR-2026-2009,2026-05-26 20:31:10,2026-05-26 05:31:10,CROSS_BORDER_TRADE,Fictional cross border trade incident tied to Synthetic Gold Smuggling probe 09.,L-000079,"Warehouse Zone, Salem",CEN-CRIME-UNIT-01,P-000868,P-000496,P-001960,INV-0079,CLOSED,HIGH
FIR-000931,CR-2026-2005,2026-04-04 12:06:37,2026-04-04 05:06:37,RECOVERY_NOTICE,Fictional recovery notice incident tied to Synthetic Financial Fraud probe 05.,L-000016,"University Road, Karur",CEN-CRIME-UNIT-02,P-001656,P-001832,P-000719,INV-0015,OPEN,CRITICAL
FIR-000932,CR-2026-2019,2026-08-29 18:22:16,2026-08-26 23:22:16,SMUGGLING,Fictional smuggling incident tied to Synthetic Financial Fraud probe 19.,L-000175,"Port Area, Tiruchirappalli",CEN-CRIME-UNIT-02,P-000211,P-000690,P-001073,INV-0078,UNDER_REVIEW,MEDIUM
FIR-000933,CR-2026-2008,2026-08-29 09:17:05,2026-08-26 15:17:05,RECOVERY_NOTICE,Fictional recovery notice incident tied to Synthetic Financial Fraud probe 08.,L-000072,"Warehouse Zone, Erode",CEN-CRIME-UNIT-03,P-000786,P-000409,P-000786,INV-0051,UNDER_REVIEW,CRITICAL
FIR-000934,CR-2026-2013,2026-05-26 15:25:26,2026-05-25 20:25:26,FRAUDULENT_TRANSFER,Fictional fraudulent transfer incident tied to Synthetic Narcotics probe 13.,L-000167,"Old Town, Dindigul",CEN-CRIME-UNIT-01,P-001590,P-001590,P-001590,INV-0048,OPEN,LOW
FIR-000935,CR-2026-2013,2026-02-13 17:12:18,2026-02-11 20:12:18,THEFT,Fictional theft incident tied to Synthetic Narcotics probe 13.,L-000121,"Residential Colony, Nagercoil",FIN-CRIME-CELL,P-001254,P-001490,P-000360,INV-0057,CLOSED,MEDIUM
FIR-000936,CR-2026-2004,2026-08-17 21:20:53,2026-08-16 10:20:53,EXTORTION,Fictional extortion incident tied to Synthetic Cyber Fraud probe 04.,L-000101,"Industrial Estate, Coimbatore",NORTH-POL-SEC,P-001991,P-000064,P-000319,INV-0091,OPEN,MEDIUM
FIR-000937,CR-2026-2015,2026-07-11 08:49:00,2026-07-11 01:49:00,ASSAULT,Fictional assault incident tied to Synthetic Cyber Fraud probe 15.,L-000152,"Warehouse Zone, Coimbatore",NORTH-POL-SEC,P-001240,P-001790,P-001967,INV-0023,OPEN,MEDIUM
FIR-000938,CR-2026-2010,2026-08-07 18:50:08,2026-08-06 23:50:08,THEFT,Fictional theft incident tied to Synthetic Vehicle Theft probe 10.,L-000016,"University Road, Karur",CYBER-CELL-01,P-001625,P-001685,P-000393,INV-0155,OPEN,MEDIUM
FIR-000939,CR-2026-2014,2026-07-21 10:13:05,2026-07-19 02:13:05,EXTORTION,Fictional extortion incident tied to Synthetic Logistics Crime probe 14.,L-000012,"Bus Stand, Madurai",WEST-INV-DIV,P-000712,P-000697,P-000551,INV-0003,OPEN,HIGH
FIR-000940,CR-2026-2013,2026-05-10 17:09:12,2026-05-08 02:09:12,FINANCIAL_FRAUD,Fictional financial fraud incident tied to Synthetic Narcotics probe 13.,L-000114,"Ring Road, Thanjavur",CEN-CRIME-UNIT-03,P-001849,P-000590,P-000583,INV-0139,OPEN,MEDIUM
FIR-000941,CR-2026-2005,2026-06-21 03:09:07,2026-06-20 10:09:07,CROSS_BORDER_TRADE,Fictional cross border trade incident tied to Synthetic Financial Fraud probe 05.,L-000054,"Warehouse Zone, Cuddalore",WEST-INV-DIV,P-001714,P-001429,P-001545,INV-0127,CLOSED,HIGH
FIR-000942,CR-2026-2010,2026-08-07 20:05:34,2026-08-06 11:05:34,RECOVERY_NOTICE,Fictional recovery notice incident tied to Synthetic Vehicle Theft probe 10.,L-000181,"Highway Junction, Chennai",SOUTH-POL-SEC,P-001247,P-001546,P-001625,INV-0110,OPEN,HIGH
FIR-000943,CR-2026-2008,2026-07-18 12:20:01,2026-07-15 18:20:01,ASSAULT,Fictional assault incident tied to Synthetic Financial Fraud probe 08.,L-000096,"Warehouse Zone, Tiruchirappalli",CEN-CRIME-UNIT-03,P-001263,P-000409,P-000056,INV-0081,CLOSED,MEDIUM
FIR-000944,CR-2026-2007,2026-08-07 08:23:35,2026-08-06 18:23:35,THEFT,Fictional theft incident tied to Synthetic Cyber Fraud probe 07.,L-000147,"Port Area, Tiruchirappalli",SOUTH-POL-SEC,P-001863,P-000367,P-001298,INV-0063,OPEN,MEDIUM
FIR-000945,CR-2026-2012,2026-02-16 16:59:36,2026-02-16 07:59:36,RECOVERY_NOTICE,Fictional recovery notice incident tied to Synthetic Illegal Trade probe 12.,L-000105,"Bypass, Tirunelveli",NARC-BUREAU-01,P-001951,P-001239,P-001239,INV-0042,OPEN,MEDIUM
FIR-000946,CR-2026-2014,2026-08-26 14:08:48,2026-08-24 06:08:48,FRAUDULENT_TRANSFER,Fictional fraudulent transfer incident tied to Synthetic Logistics Crime probe 14.,L-000072,"Warehouse Zone, Erode",NARC-BUREAU-01,P-000704,P-001682,P-000676,INV-0124,CLOSED,HIGH
FIR-000947,CR-2026-2003,2026-08-01 01:21:21,2026-07-31 00:21:21,THEFT,Fictional theft incident tied to Synthetic Gold Smuggling probe 03.,L-000020,"Residential Colony, Karur",CYBER-CELL-01,P-000193,P-001826,P-000595,INV-0060,CLOSED,HIGH
FIR-000948,CR-2026-2019,2026-04-07 07:00:40,2026-04-04 09:00:40,CROSS_BORDER_TRADE,Fictional cross border trade incident tied to Synthetic Financial Fraud probe 19.,L-000017,"Ring Road, Hosur",CEN-CRIME-UNIT-02,P-001631,P-001467,P-001949,INV-0091,UNDER_REVIEW,HIGH
FIR-000949,CR-2026-2010,2026-02-21 21:34:07,2026-02-19 07:34:07,SMUGGLING,Fictional smuggling incident tied to Synthetic Vehicle Theft probe 10.,L-000054,"Warehouse Zone, Cuddalore",SOUTH-POL-SEC,P-001110,P-001110,P-001110,INV-0136,OPEN,CRITICAL
FIR-000950,CR-2026-2013,2026-04-05 06:10:32,2026-04-05 01:10:32,RECOVERY_NOTICE,Fictional recovery notice incident tied to Synthetic Narcotics probe 13.,L-000096,"Warehouse Zone, Tiruchirappalli",EAST-INV-DIV,P-001933,P-001499,P-001490,INV-0041,OPEN,HIGH
FIR-000951,CR-2026-2004,2026-03-20 18:30:15,2026-03-17 23:30:15,FRAUDULENT_TRANSFER,Fictional fraudulent transfer incident tied to Synthetic Cyber Fraud probe 04.,L-000111,"Market Road, Kanniyakumari",SOUTH-POL-SEC,P-000608,P-000323,P-001747,INV-0051,CLOSED,CRITICAL
FIR-000952,CR-2026-2002,2026-05-11 23:52:43,2026-05-09 18:52:43,EXTORTION,Fictional extortion incident tied to Synthetic Phone Fraud probe 02.,L-000052,"Bus Stand, Erode",NORTH-POL-SEC,P-000193,P-001936,P-001324,INV-0012,OPEN,MEDIUM
FIR-000953,CR-2026-2010,2026-07-10 14:58:40,2026-07-08 22:58:40,SMUGGLING,Fictional smuggling incident tied to Synthetic Vehicle Theft probe 10.,L-000009,"Highway Junction, Krishnagiri",WEST-INV-DIV,P-001546,P-000191,P-001712,INV-0071,OPEN,MEDIUM
FIR-000954,CR-2026-2004,2026-07-22 17:54:02,2026-07-22 07:54:02,THEFT,Fictional theft incident tied to Synthetic Cyber Fraud probe 04.,L-000168,"Grain Market, Salem",CEN-CRIME-UNIT-03,P-001991,P-001788,P-001747,INV-0036,OPEN,HIGH
FIR-000955,CR-2026-2003,2026-01-06 14:43:12,2026-01-04 18:43:12,FINANCIAL_FRAUD,Fictional financial fraud incident tied to Synthetic Gold Smuggling probe 03.,L-000153,"University Road, Krishnagiri",CEN-CRIME-UNIT-01,P-001826,P-001115,P-000205,INV-0048,UNDER_REVIEW,CRITICAL
FIR-000956,CR-2026-2002,2026-06-21 23:51:12,2026-06-20 16:51:12,THEFT,Fictional theft incident tied to Synthetic Phone Fraud probe 02.,L-000016,"University Road, Karur",CEN-CRIME-UNIT-01,P-001802,P-001410,P-001324,INV-0012,OPEN,MEDIUM
FIR-000957,CR-2026-2006,2026-04-07 21:23:10,2026-04-04 21:23:10,RECOVERY_NOTICE,Fictional recovery notice incident tied to Synthetic Logistics Crime probe 06.,L-000137,"Technology Park, Nagapattinam",CYBER-CELL-01,P-001272,P-001507,P-000134,INV-0022,OPEN,HIGH
FIR-000958,CR-2026-2012,2026-07-01 19:44:48,2026-07-01 12:44:48,ASSAULT,Fictional assault incident tied to Synthetic Illegal Trade probe 12.,L-000011,"Railway Station, Chennai",NARC-BUREAU-01,P-001382,P-000528,P-000968,INV-0141,OPEN,HIGH
FIR-000959,CR-2026-2006,2026-04-28 02:29:51,2026-04-25 23:29:51,THEFT,Fictional theft incident tied to Synthetic Logistics Crime probe 06.,L-000072,"Warehouse Zone, Erode",CEN-CRIME-UNIT-03,P-001347,P-001055,P-000720,INV-0015,OPEN,CRITICAL
FIR-000960,CR-2026-2013,2026-07-08 05:15:17,2026-07-05 22:15:17,FRAUDULENT_TRANSFER,Fictional fraudulent transfer incident tied to Synthetic Narcotics probe 13.,L-000101,"Industrial Estate, Coimbatore",CEN-CRIME-UNIT-03,P-000894,P-001933,P-001040,INV-0130,UNDER_REVIEW,MEDIUM
FIR-000961,CR-2026-2004,2026-05-27 10:05:26,2026-05-25 00:05:26,FINANCIAL_FRAUD,Fictional financial fraud incident tied to Synthetic Cyber Fraud probe 04.,L-000012,"Bus Stand, Madurai",CEN-CRIME-UNIT-01,P-001133,P-000608,P-001747,INV-0137,OPEN,MEDIUM
FIR-000962,CR-2026-2004,2026-05-21 01:41:33,2026-05-18 01:41:33,THEFT,Fictional theft incident tied to Synthetic Cyber Fraud probe 04.,L-000143,"Industrial Estate, Karur",CEN-CRIME-UNIT-03,P-000608,P-001133,P-001420,INV-0049,OPEN,HIGH
FIR-000963,CR-2026-2003,2026-01-22 22:16:14,2026-01-20 08:16:14,ASSAULT,Fictional assault incident tied to Synthetic Gold Smuggling probe 03.,L-000077,"Textile Market, Coimbatore",SOUTH-POL-SEC,P-000205,P-001826,P-000193,INV-0138,OPEN,MEDIUM
FIR-000964,CR-2026-2006,2026-04-18 12:15:05,2026-04-18 07:15:05,FINANCIAL_FRAUD,Fictional financial fraud incident tied to Synthetic Logistics Crime probe 06.,L-000096,"Warehouse Zone, Tiruchirappalli",CYBER-CELL-01,P-001272,P-000017,P-001838,INV-0148,OPEN,CRITICAL
FIR-000965,CR-2026-2020,2026-05-04 04:26:14,2026-05-02 22:26:14,CROSS_BORDER_TRADE,Fictional cross border trade incident tied to Synthetic Human Trafficking probe 20.,L-000023,"Bus Stand, Kanniyakumari",CEN-CRIME-UNIT-01,P-001112,P-000600,P-000535,INV-0063,CLOSED,CRITICAL
FIR-000966,CR-2026-2003,2026-01-07 14:27:37,2026-01-06 08:27:37,FINANCIAL_FRAUD,Fictional financial fraud incident tied to Synthetic Gold Smuggling probe 03.,L-000021,"Old Town, Coimbatore",NARC-BUREAU-01,P-001329,P-001826,P-000635,INV-0015,UNDER_REVIEW,CRITICAL
FIR-000967,CR-2026-2006,2026-07-11 07:18:02,2026-07-10 08:18:02,RECOVERY_NOTICE,Fictional recovery notice incident tied to Synthetic Logistics Crime probe 06.,L-000018,"Bus Stand, Madurai",CEN-CRIME-UNIT-01,P-000212,P-000584,P-001702,INV-0106,OPEN,HIGH
FIR-000968,CR-2026-2019,2026-01-16 06:55:28,2026-01-14 08:55:28,EXTORTION,Fictional extortion incident tied to Synthetic Financial Fraud probe 19.,L-000082,"Highway Junction, Nagercoil",CEN-CRIME-UNIT-02,P-000984,P-000211,P-000211,INV-0144,UNDER_REVIEW,HIGH
FIR-000969,CR-2026-2016,2026-08-31 18:44:34,2026-08-31 07:44:34,FINANCIAL_FRAUD,Fictional financial fraud incident tied to Synthetic Phone Fraud probe 16.,L-000147,"Port Area, Tiruchirappalli",FIN-CRIME-CELL,P-001126,P-001072,P-000092,INV-0114,OPEN,HIGH
FIR-000970,CR-2026-2010,2026-04-17 15:40:38,2026-04-17 07:40:38,ASSAULT,Fictional assault incident tied to Synthetic Vehicle Theft probe 10.,L-000003,"University Road, Erode",EAST-INV-DIV,P-001625,P-001546,P-001685,INV-0114,OPEN,CRITICAL
FIR-000971,CR-2026-2014,2026-02-18 17:55:53,2026-02-18 00:55:53,FRAUDULENT_TRANSFER,Fictional fraudulent transfer incident tied to Synthetic Logistics Crime probe 14.,L-000110,"Textile Market, Tirunelveli",NORTH-POL-SEC,P-000765,P-001273,P-001653,INV-0028,CLOSED,HIGH
FIR-000972,CR-2026-2003,2026-07-04 19:35:01,2026-07-03 12:35:01,EXTORTION,Fictional extortion incident tied to Synthetic Gold Smuggling probe 03.,L-000016,"University Road, Karur",FIN-CRIME-CELL,P-001115,P-001620,P-001115,INV-0008,OPEN,MEDIUM
FIR-000973,CR-2026-2015,2026-05-06 06:14:40,2026-05-03 09:14:40,EXTORTION,Fictional extortion incident tied to Synthetic Cyber Fraud probe 15.,L-000077,"Textile Market, Coimbatore",WEST-INV-DIV,P-001294,P-001887,P-001166,INV-0116,OPEN,LOW
FIR-000974,CR-2026-2019,2026-05-07 17:24:07,2026-05-05 20:24:07,RECOVERY_NOTICE,Fictional recovery notice incident tied to Synthetic Financial Fraud probe 19.,L-000009,"Highway Junction, Krishnagiri",FIN-CRIME-CELL,P-000690,P-000984,P-000918,INV-0099,CLOSED,HIGH
FIR-000975,CR-2026-2018,2026-08-28 08:19:05,2026-08-25 09:19:05,THEFT,Fictional theft incident tied to Synthetic Human Trafficking probe 18.,L-000192,"Bypass, Cuddalore",WEST-INV-DIV,P-000175,P-001734,P-001748,INV-0138,UNDER_REVIEW,HIGH
FIR-000976,CR-2026-2017,2026-03-31 02:28:33,2026-03-30 13:28:33,RECOVERY_NOTICE,Fictional recovery notice incident tied to Synthetic Logistics Crime probe 17.,L-000041,"Grain Market, Vellore",WEST-INV-DIV,P-000280,P-000697,P-000933,INV-0101,OPEN,MEDIUM
FIR-000977,CR-2026-2014,2026-04-14 03:28:23,2026-04-11 14:28:23,CROSS_BORDER_TRADE,Fictional cross border trade incident tied to Synthetic Logistics Crime probe 14.,L-000130,"Auto Nagar, Nagapattinam",SOUTH-POL-SEC,P-001555,P-001653,P-001146,INV-0067,CLOSED,CRITICAL
FIR-000978,CR-2026-2015,2026-06-03 15:30:35,2026-06-02 22:30:35,SMUGGLING,Fictional smuggling incident tied to Synthetic Cyber Fraud probe 15.,L-000167,"Old Town, Dindigul",CEN-CRIME-UNIT-03,P-001853,P-001887,P-000510,INV-0059,UNDER_REVIEW,HIGH
FIR-000979,CR-2026-2010,2026-02-01 09:16:36,2026-01-29 18:16:36,FRAUDULENT_TRANSFER,Fictional fraudulent transfer incident tied to Synthetic Vehicle Theft probe 10.,L-000165,"Ring Road, Krishnagiri",FIN-CRIME-CELL,P-000191,P-001247,P-000134,INV-0039,UNDER_REVIEW,MEDIUM
FIR-000980,CR-2026-2004,2026-07-20 04:04:06,2026-07-18 15:04:06,FINANCIAL_FRAUD,Fictional financial fraud incident tied to Synthetic Cyber Fraud probe 04.,L-000044,"Old Town, Cuddalore",CYBER-CELL-01,P-001371,P-001420,P-001788,INV-0057,UNDER_REVIEW,MEDIUM
FIR-000981,CR-2026-2018,2026-08-11 09:00:05,2026-08-10 21:00:05,CROSS_BORDER_TRADE,Fictional cross border trade incident tied to Synthetic Human Trafficking probe 18.,L-000188,"Railway Station, Chennai",FIN-CRIME-CELL,P-000529,P-000219,P-000529,INV-0130,OPEN,CRITICAL
FIR-000982,CR-2026-2014,2026-07-26 22:11:16,2026-07-24 13:11:16,RECOVERY_NOTICE,Fictional recovery notice incident tied to Synthetic Logistics Crime probe 14.,L-000079,"Warehouse Zone, Salem",EAST-INV-DIV,P-001766,P-000043,P-000045,INV-0033,OPEN,CRITICAL
FIR-000983,CR-2026-2017,2026-01-25 08:13:45,2026-01-23 04:13:45,THEFT,Fictional theft incident tied to Synthetic Logistics Crime probe 17.,L-000066,"Grain Market, Nagercoil",CEN-CRIME-UNIT-02,P-001042,P-001635,P-000563,INV-0002,CLOSED,HIGH
FIR-000984,CR-2026-2005,2026-03-07 00:20:56,2026-03-06 00:20:56,FRAUDULENT_TRANSFER,Fictional fraudulent transfer incident tied to Synthetic Financial Fraud probe 05.,L-000113,"Old Town, Tirunelveli",SOUTH-POL-SEC,P-001714,P-000843,P-001545,INV-0153,CLOSED,MEDIUM
FIR-000985,CR-2026-2019,2026-06-11 23:19:42,2026-06-09 16:19:42,RECOVERY_NOTICE,Fictional recovery notice incident tied to Synthetic Financial Fraud probe 19.,L-000077,"Textile Market, Coimbatore",CYBER-CELL-01,P-001937,P-001937,P-001467,INV-0148,CLOSED,CRITICAL
FIR-000986,CR-2026-2007,2026-01-31 14:28:39,2026-01-29 14:28:39,EXTORTION,Fictional extortion incident tied to Synthetic Cyber Fraud probe 07.,L-000063,"Market Road, Erode",EAST-INV-DIV,P-001684,P-001278,P-001718,INV-0159,OPEN,MEDIUM
FIR-000987,CR-2026-2017,2026-01-06 19:44:14,2026-01-05 21:44:14,SMUGGLING,Fictional smuggling incident tied to Synthetic Logistics Crime probe 17.,L-000132,"Market Road, Karur",CEN-CRIME-UNIT-01,P-001128,P-001322,P-000933,INV-0156,OPEN,HIGH
FIR-000988,CR-2026-2015,2026-01-25 12:23:45,2026-01-23 19:23:45,RECOVERY_NOTICE,Fictional recovery notice incident tied to Synthetic Cyber Fraud probe 15.,L-000091,"Industrial Estate, Nagapattinam",NORTH-POL-SEC,P-000875,P-001773,P-000510,INV-0056,OPEN,MEDIUM
FIR-000989,CR-2026-2015,2026-08-16 11:43:37,2026-08-14 09:43:37,THEFT,Fictional theft incident tied to Synthetic Cyber Fraud probe 15.,L-000090,"Warehouse Zone, Salem",CEN-CRIME-UNIT-02,P-001887,P-001853,P-000875,INV-0009,CLOSED,LOW
FIR-000990,CR-2026-2008,2026-08-16 01:26:10,2026-08-13 09:26:10,EXTORTION,Fictional extortion incident tied to Synthetic Financial Fraud probe 08.,L-000164,"SIPCOT, Hosur",CEN-CRIME-UNIT-02,P-000372,P-000548,P-000056,INV-0157,UNDER_REVIEW,HIGH
FIR-000991,CR-2026-2015,2026-07-19 20:53:13,2026-07-18 08:53:13,CROSS_BORDER_TRADE,Fictional cross border trade incident tied to Synthetic Cyber Fraud probe 15.,L-000065,"Textile Market, Coimbatore",NARC-BUREAU-01,P-001801,P-000510,P-001887,INV-0156,OPEN,MEDIUM
FIR-000992,CR-2026-2007,2026-01-22 14:57:33,2026-01-22 03:57:33,SMUGGLING,Fictional smuggling incident tied to Synthetic Cyber Fraud probe 07.,L-000023,"Bus Stand, Kanniyakumari",CEN-CRIME-UNIT-03,P-001684,P-001762,P-000367,INV-0049,OPEN,HIGH
FIR-000993,CR-2026-2009,2026-07-16 17:12:20,2026-07-13 17:12:20,FINANCIAL_FRAUD,Fictional financial fraud incident tied to Synthetic Gold Smuggling probe 09.,L-000098,"Railway Station, Krishnagiri",CEN-CRIME-UNIT-01,P-001360,P-001195,P-000344,INV-0082,CLOSED,MEDIUM
FIR-000994,CR-2026-2020,2026-02-14 04:29:29,2026-02-12 06:29:29,RECOVERY_NOTICE,Fictional recovery notice incident tied to Synthetic Human Trafficking probe 20.,L-000096,"Warehouse Zone, Tiruchirappalli",CEN-CRIME-UNIT-01,P-000600,P-000694,P-001357,INV-0117,UNDER_REVIEW,HIGH
FIR-000995,CR-2026-2014,2026-02-17 07:51:08,2026-02-16 23:51:08,RECOVERY_NOTICE,Fictional recovery notice incident tied to Synthetic Logistics Crime probe 14.,L-000048,"Auto Nagar, Nagercoil",CEN-CRIME-UNIT-01,P-000697,P-000045,P-001995,INV-0021,OPEN,LOW
FIR-000996,CR-2026-2012,2026-05-06 16:51:30,2026-05-05 09:51:30,RECOVERY_NOTICE,Fictional recovery notice incident tied to Synthetic Illegal Trade probe 12.,L-000121,"Residential Colony, Nagercoil",CYBER-CELL-01,P-000210,P-000488,P-000615,INV-0061,CLOSED,MEDIUM
FIR-000997,CR-2026-2013,2026-07-11 00:37:33,2026-07-10 16:37:33,SMUGGLING,Fictional smuggling incident tied to Synthetic Narcotics probe 13.,L-000022,"IT Park, Madurai",SOUTH-POL-SEC,P-001152,P-000781,P-001849,INV-0126,OPEN,HIGH
FIR-000998,CR-2026-2015,2026-05-27 06:15:54,2026-05-24 06:15:54,RECOVERY_NOTICE,Fictional recovery notice incident tied to Synthetic Cyber Fraud probe 15.,L-000052,"Bus Stand, Erode",SOUTH-POL-SEC,P-000510,P-000017,P-001728,INV-0098,UNDER_REVIEW,MEDIUM
FIR-000999,CR-2026-2016,2026-03-06 04:52:05,2026-03-04 20:52:05,FINANCIAL_FRAUD,Fictional financial fraud incident tied to Synthetic Phone Fraud probe 16.,L-000121,"Residential Colony, Nagercoil",NARC-BUREAU-01,P-000661,P-001720,P-000092,INV-0124,OPEN,HIGH
FIR-001000,CR-2026-2012,2026-05-30 11:43:22,2026-05-28 06:43:22,FINANCIAL_FRAUD,Fictional financial fraud incident tied to Synthetic Illegal Trade probe 12.,L-000053,"Bypass, Madurai",EAST-INV-DIV,P-000210,P-000615,P-001104,INV-0029,UNDER_REVIEW,HIGH
